,Code
A-SMART HOLDINGS LTD.,BQC
A-SONIC AEROSPACE LIMITED,BTJ
AA GROUP HOLDINGS LTD.,5GZ
ABR HOLDINGS LIMITED,533
ABTERRA LTD,L5I
ABUNDANCE INTERNATIONAL LTD,541
ACCORDIA GOLF TRUST,ADQU
ACCRELIST LTD.,5RJ
ACE ACHIEVE INFOCOM LIMITED,A75
ACESIAN PARTNERS LIMITED,5FW
ACMA LTD.,AYV
ACROMEC LIMITED,43F
ADDVALUE TECHNOLOGIES LTD,A31
ADVANCE SCT LIMITED,5FH
ADVANCED HOLDINGS LTD.,BLZ
ADVANCED SYSTEMS AUTOMATION,5TY
ADVANCER GLOBAL LIMITED,43Q
ADVENTUS HOLDINGS LIMITED,5EF
AEI CORPORATION LTD,AWG
AEM HOLDINGS LTD,AWX
AF GLOBAL LIMITED,L38
AGV GROUP LIMITED,1A4
AIMS PROPERTY SECURITIES FUND,BVP
ALIBABA PICTURES GROUP LIMITED,S91
ALLIANCE MINERAL ASSETSLIMITED,40F
ALLIED TECHNOLOGIES LIMITED,A13
ALPHA ENERGY HOLDINGS LIMITED,5TS
AMARA HOLDINGS LTD,A34
AMPLEFIELD LIMITED,AOF
ANAN INTERNATIONAL LIMITED,Y35
ANCHOR RESOURCES LIMITED,43E
ANCHUN INTERNATIONAL HLDGS LTD,BTX
ANNAIK LIMITED,A52
ANNICA HOLDINGS LIMITED,5AL
AOXIN Q & M DENTAL GRP LIMITED,1D4
AP OIL INTERNATIONAL LIMITED,5AU
APAC REALTY LIMITED,CLN
ARION ENTERTAINMENT SPORE LTD,YYB
ARTIVISION TECHNOLOGIES LTD.,5NK
ASCENDAS INDIA TRUST,CY6U
ASIA ENTERPRISES HOLDING LTD,A55
ASIA FASHION HOLDINGS LIMITED,BQI
ASIA VETS HOLDINGS LTD.,5RE
ASIAMEDIC LIMITED,505
ASIAN HEALTHCARE SPECIALISTS,1J3
ASIAN MICRO HOLDINGS LTD,585
ASIAN PAY TELEVISION TRUST,S7OU
ASIAPHOS LIMITED,5WV
ASIATIC GROUP (HOLDINGS) LTD,5CR
ASIATRAVEL.COM HOLDINGS LTD,5AM
ASL MARINE HOLDINGS LTD,A04
ASPEN (GROUP) HOLDINGS LIMITED,1F3
ASPIAL CORPORATION LIMITED,A30
ASTAKA HOLDINGS LIMITED,42S
ASTI HOLDINGS LIMITED,575
ATLANTIC NAVIGATION HLDG(S)LTD,5UL
ATTILAN GROUP LIMITED,5ET
AUSGROUP LIMITED,5GJ
AVARGA LIMITED,U09
AVI-TECH ELECTRONICS LIMITED,BKY
AVIC INTL MARITIME HLDGLIMITED,O2I
AXCELASIA INC.,42U
AYONDO LTD.,1I5
AZEUS SYSTEMS HOLDINGS LTD.,BBW
BAKER TECHNOLOGY LIMITED,BTP
BAN LEONG TECHNOLOGIES LIMITED,B26
BANYAN TREE HOLDINGS LIMITED,B58
BBR HOLDINGS (S) LTD,KJ5
BENG KUANG MARINE LIMITED,BEZ
BEST WORLD INTERNATIONAL LTD,CGN
BH GLOBAL CORPORATION LIMITED,BQN
BIOLIDICS LIMITED,8YY
BLACKGOLD NATURAL RESOURCESLTD,41H
BLUMONT GROUP LTD.,A33
BM MOBILITY LTD.,I9T
BOARDROOM LIMITED,B10
BOLDTEK HOLDINGS LIMITED,5VI
BONVESTS HOLDINGS LTD,B28
BOUSTEAD PROJECTS LIMITED,AVM
BOUSTEAD SINGAPORE LIMITED,F9D
BRC ASIA LIMITED,BEC
BREADTALK GROUP LIMITED,CTN
BRITISH & MALAYAN HLDG LIMITED,CJN
BROADWAY INDUSTRIAL GROUP LTD,B69
BROOK CROMPTON HOLDINGS LTD.,AWC
BUKIT SEMBAWANG ESTATES LTD,B61
BUMITAMA AGRI LTD.,P8Z
BUND CENTER INVESTMENT LTD,BTE
C&G ENV PROTECT HLDGS LTD,D79
CACOLA FURNITURE INTL LIMITED,D2U
CAMSING HEALTHCARE LIMITED,BAC
CAPITAL WORLD LIMITED.,1D5
CAPITALAND LIMITED,C31
CAPTII LIMITED,AWV
CASA HOLDINGS LIMITED,C04
CDW HOLDING LIMITED,BXE
CEI LIMITED,AVV
CENTURION CORPORATION LIMITED,OU8
CFM HOLDINGS LIMITED,5EB
CH OFFSHORE LTD,C13
CHALLENGER TECHNOLOGIES LTD,573
CHARISMA ENERGY SERVICES LTD,5QT
CHASEN HOLDINGS LIMITED,5NV
CHASWOOD RESOURCES HLDGS LTD.,5TW
CHEMICAL INDUSTRIES (F.E.) LTD,C05
CHEUNG WOH TECHNOLOGIES LTD,C50
CHINA AVIATION OIL(S) CORP LTD,G92
CHINA ENVIRONMENT LTD.,5OU
CHINA ENVIRONMENTAL RES GP LTD,RS1
CHINA ESSENCE GROUP LTD.,G54
CHINA EVERBRIGHT WATER LIMITED,U9E
CHINA FISHERY GROUP LIMITED,B0Z
CHINA GAOXIAN FIBREFAB HLDGLTD,AZZ
CHINA GREAT LAND HOLDINGS LTD.,D50
CHINA HAIDA LTD.,C92
CHINA HONGXING SPORTS LIMITED,BR9
CHINA INTERNATIONAL HLDGS LTD,BEH
CHINA JINJIANG ENV HLDG CO LTD,BWM
CHINA JISHAN HOLDINGS LIMITED,J18
CHINA KANGDA FOOD COMPANY LTD,P74
CHINA KUNDA TECH HOLDINGS LTD,GU5
CHINA MEDICAL (INTL) GP LTD,VFP
CHINA MINING INTERNATIONAL LTD,BHD
CHINA PAPER HOLDINGS LIMITED,C71
CHINA REAL ESTATE GRP LTD.,5RA
"CHINA SKY CHEM FIBRE CO., LTD.",E90
CHINA SPORTS INTL LIMITED,FQ8
CHINA STAR FOOD GROUP LIMITED,42W
CHINA SUNSINE CHEM HLDGS LTD.,CH8
CHINA TAISAN TECH GRP HLDGSLTD,AZW
CHINA YUANBANG PROP HLDGS LTD,BCD
CHINESE GLOBAL INVESTORS GRP,5CJ
CHIP ENG SENG CORPORATION LTD,C29
CHOO CHIANG HOLDINGS LTD.,42E
CHUAN HUP HOLDINGS LIMITED,C33
CITIC ENVIROTECH LTD.,CEE
CITY DEVELOPMENTS LIMITED,C09
CIVMEC LIMITED,P9D
CLEARBRIDGE HEALTH LIMITED,1H3
CNA GROUP LTD.,5GC
CNMC GOLDMINE HOLDINGS LIMITED,5TP
COLEX HOLDINGS LIMITED,567
COMBINE WILL INTL HLDGS LTD,N0Z
COMFORTDELGRO CORPORATION LTD,C52
COMPACT METAL INDUSTRIES LTD,T4E
CORDLIFE GROUP LIMITED,P8A
CORTINA HOLDINGS LIMITED,C41
COSCO SHIPPING INTL(S) CO. LTD,F83
COSMOSTEEL HOLDINGS LIMITED,B9S
COURAGE INVESTMENT GRP LIMITED,CIN
COURTS ASIA LIMITED,RE2
CPH LTD,539
CREATIVE TECHNOLOGY LTD,C76
CSC HOLDINGS LTD,C06
CSE GLOBAL LTD,544
CWX GLOBAL LIMITED,594
DAIRY FARM INT'L HOLDINGS LTD,D01
DARCO WATER TECHNOLOGIES LTD,BLR
DASIN RETAIL TRUST,CEDU
DATAPULSE TECHNOLOGY LIMITED,BKW
DBS GROUP HOLDINGS LTD,D05
DEBAO PROPERTY DEVELOPMENT LTD,BTF
DECLOUT LIMITED,5UZ
DEL MONTE PACIFIC LIMITED,D03
DELFI LIMITED,P34
DELONG HOLDINGS LIMITED,BQO
DESIGN STUDIO GROUP LTD.,D11
DISA LIMITED,532
DLF HOLDINGS LIMITED,KUX
DRAGON GROUP INTL LIMITED,MT1
DUKANG DISTILLERS HLDGS LTD,BKV
DUTECH HOLDINGS LIMITED,CZ4
DUTY FREE INTERNATIONALLIMITED,5SO
DYNA-MAC HOLDINGS LTD.,NO4
DYNAMIC COLOURS LIMITED,D6U
ECOWISE HOLDINGS LIMITED,5CT
EDITION LTD.,5HG
EINDEC CORPORATION LIMITED,42Z
ELEC & ELTEK INT CO LTD,E16
ELLIPSIZ LTD,BIX
EMAS OFFSHORE LIMITED,UQ4
EMERGING TOWNS&CITIES SING LTD,1C0
EMS ENERGY LIMITED,42O
ENGRO CORPORATION LIMITED,S44
ENVICTUS INTERNATIONAL HLDGLTD,BQD
ENVIRO-HUB HOLDINGS LTD,L23
EPICENTRE HOLDINGS LIMITED,5MQ
ES GROUP (HOLDINGS) LIMITED,5RC
EUROSPORTS GLOBAL LIMITED,5G1
EXCELPOINT TECHNOLOGY LTD,BDF
EZION HOLDINGS LIMITED,5ME
EZRA HOLDINGS LIMITED,5DN
F J BENJAMIN HOLDINGS LTD,F10
FABCHEM CHINA LIMITED,BFT
FALCON ENERGY GROUP LIMITED,5FL
FAR EAST GROUP LIMITED,5TJ
FAR EAST ORCHARD LIMITED,O10
FEDERAL INT(2000) LTD,BDU
FIGTREE HOLDINGS LIMITED,5F4
FIRST RESOURCES LIMITED,EB5
FIRST SHIP LEASE TRUST,D8DU
FIRST SPONSOR GROUP LIMITED,ADN
FOOD EMPIRE HOLDINGS LIMITED,F03
FORELAND FABRICTECH HLDS LTD,B0I
FORISE INTERNATIONAL LIMITED,I5H
FRAGRANCE GROUP LIMITED,F31
"FRASER AND NEAVE, LIMITED",F99
FRASERS PROPERTY LIMITED,TQ5
FRENCKEN GROUP LIMITED,E28
FU YU CORPORATION LTD,F13
FUJI OFFSET PLATES MFG LTD,508
FUJIAN ZHENYUN PLAS IND CO LTD,5KT
FULL APEX (HOLDINGS) LIMITED,BTY
FUXING CHINA GROUP LIMITED,AWK
G. K. GOH HOLDINGS LIMITED,G41
GALLANT VENTURE LTD.,5IG
GAYLIN HOLDINGS LIMITED,RF7
GCCP RESOURCES LIMITED,41T
GDS GLOBAL LIMITED,5VP
GENTING SINGAPORE LIMITED,G13
GEO ENERGY RESOURCES LIMITED,RE4
GKE CORPORATION LIMITED,595
GL LIMITED,B16
GLOBAL DRAGON LIMITED,586
GLOBAL INVACOM GROUP LIMITED,QS9
GLOBAL INVESTMENTS LIMITED,B73
GLOBAL PALM RESOURCES HLGS LTD,BLW
GLOBAL TESTING CORPORATION LTD,AYN
GOLDEN AGRI-RESOURCES LTD,E5H
GOLDEN ENERGY AND RESOURCESLTD,AUE
GOODLAND GROUP LIMITED,5PC
GP INDUSTRIES LIMITED,G20
GRAND BANKS YACHTS LIMITED,G50
GRAND VENTURE TECHNOLOGY LTD,JLB
GREAT EASTERN HLDGS LTD,G07
GREEN BUILD TECHNOLOGY LIMITED,Y06
GRP LTD,BLU
GS HOLDINGS LIMITED,43A
GSH CORPORATION LIMITED,BDX
GSS ENERGY LIMITED,41F
GUOAN INTERNATIONAL LIMITED,G11
GUOCOLAND LIMITED,F17
GYP PROPERTIES LIMITED,AWS
HAFARY HOLDINGS LIMITED,5VS
HAI LECK HOLDINGS LIMITED,BLH
HALCYON AGRI CORPORATION LTD,5VJ
HANWELL HOLDINGS LIMITED,DM0
HATTEN LAND LIMITED,PH0
HAW PAR CORP LTD,H02
HC SURGICAL SPECIALISTSLIMITED,1B1
HEALTH MANAGEMENT INTL LTD,588
HEALTHWAY MEDICAL CORP LTD,5NG
HEATEC JIETONG HOLDINGS LTD.,5OR
HEETON HOLDINGS LIMITED,5DP
HENGYANG PETROCHEM LOG LIMITED,5PD
HG METAL MANUFACTURING LTD,BTG
HI-P INTERNATIONAL LIMITED,H17
HIAP HOE LIMITED,5JK
HIAP SENG ENGINEERING LTD,510
HIAP TONG CORPORATION LTD.,5PO
HL GLOBAL ENTERPRISES LIMITED,AVX
HO BEE LAND LIMITED,H13
HOCK LIAN SENG HOLDINGS LTD,J2T
HOE LEONG CORPORATION LTD.,H20
HONG FOK CORPORATION LTD,H30
HONG LAI HUAT GROUP LIMITED,CTO
HONG LEONG ASIA LTD.,H22
HONG LEONG FINANCE LIMITED,S41
HONGKONG LAND HOLDINGS LIMITED,H78
HOR KEW CORPORATION LIMITED,BBP
HOSEN GROUP LTD,5EV
HOTEL GRAND CENTRAL LTD,H18
HOTEL PROPERTIES LTD,H15
HOTEL ROYAL LTD,H12
HOTUNG INVESTMENT HLDGS LTD,BLS
HRNETGROUP LIMITED,CHZ
HU AN CABLE HOLDINGS LTD.,KI3
HUAN HSIN HOLDINGS LTD,H16
HUATIONG GLOBAL LIMITED,41B
HUPSTEEL LTD,BMH
HUTCHISON PORT HLDGS TRUST S$,P7VU
HUTCHISON PORT HOLDINGS TRUST,NS8U
HWA HONG CORPORATION LIMITED,H19
HYFLUX LTD,600
HYPHENS PHARMA INTL LIMITED,1J5
ICP LTD,5I4
IEV HOLDINGS LIMITED,5TN
IFAST CORPORATION LTD.,AIY
IFS CAPITAL LIMITED,I49
IHH HEALTHCARE BERHAD,Q0F
IMPERIUM CROWN LIMITED,5HT
INCH KENNETH KAJANG RUBBER PLC,I4R
INDOFOOD AGRI RESOURCES LTD.,5JS
INFORMATICS EDUCATION LTD.,BOU
INNOPAC HOLDINGS LIMITED,I26
INNOTEK LIMITED,M14
INTERNATIONAL PRESS SOFTCOM,571
INTERRA RESOURCES LIMITED,5GI
INTRACO LIMITED,I06
IPC CORPORATION LIMITED,AZA
IPCO INT'L LIMITED,I11
IPS SECUREX HOLDINGS LIMITED,42N
ISDN HOLDINGS LIMITED,I07
ISEC HEALTHCARE LTD.,40T
ISETAN (SINGAPORE) LTD,I15
ISOTEAM LTD.,5WF
ISR CAPITAL LIMITED,5EC
IX BIOPHARMA LTD.,42C
JACKSPEED CORPORATION LIMITED,J17
JADASON ENTERPRISES LTD,J03
JAPAN FOODS HOLDING LTD.,5OI
JAPFA LTD.,UD2
JARDINE CYCLE & CARRIAGE LTD,C07
JARDINE MATHESON HLDGS LTD,J36
JARDINE STRATEGIC HLDGS LTD,J37
JASON HOLDINGS LIMITED,5I3
JASON MARINE GROUP LIMITED,5PF
JASPER INVESTMENTS LIMITED,FQ7
JAWALA INC.,1J7
JB FOODS LIMITED,BEW
JEP HOLDINGS LTD.,1J4
JES INTERNATIONAL HOLDINGS LTD,EG0
JIUTIAN CHEMICAL GROUP LIMITED,C8R
JOYAS INTERNATIONAL HLDGS LTD,E9L
JUBILEE INDUSTRIES HLDGS LTD.,5OS
JUMBO GROUP LIMITED,42R
KARIN TECHNOLOGY HLDGS LIMITED,K29
KATRINA GROUP LTD.,1A0
KENCANA AGRI LIMITED,BNE
KEONG HONG HOLDINGS LIMITED,5TT
KEPPEL CORPORATION LIMITED,BN4
KEPPEL INFRA TRUST WEF 2015,A7RU
KEPPEL TELE & TRAN,K11
KHONG GUAN LIMITED,K03
KIMHENG OFFSHORE&MARINE HLDLTD,5G2
KIMLY LIMITED,1D0
KING WAN CORPORATION LIMITED,554
KINGBOARD COPPER FOIL HDGS LTD,K14
KINGSMEN CREATIVES LTD,5MZ
KITCHEN CULTURE HOLDINGS LTD.,5TI
KLW HOLDINGS LTD,504
KODA LTD,BJZ
KOH BROTHERS ECO ENGG LIMITED,5HV
KOH BROTHERS GROUP LIMITED,K75
KOON HOLDINGS LIMITED,5DL
KOP LIMITED,5I1
KORI HOLDINGS LIMITED,5VC
KOUFU GROUP LIMITED,VL6
KOYO INTERNATIONAL LIMITED,5OC
KRISENERGY LTD.,SK3
KS ENERGY LIMITED,578
KSH HOLDINGS LIMITED,ER0
KTL GLOBAL LIMITED,EB7
LAFE CORPORATION LIMITED,AYB
LASSETERS INTL HOLDINGS LTD,5EL
LCT HOLDINGS LIMITED,BJL
LEADER ENVIRONMENTAL TECH LTD,LS9
LERENOBIO-CHEM,XCF
LEY CHOON GROUP HLDG LIMITED,Q0X
LHN LIMITED,41O
LHT HOLDINGS LIMITED,BEI
LIAN BENG GROUP LTD,L03
LIBRA GROUP LIMITED,5TR
LIFEBRANDZ LTD.,1D3
LINC ENERGY LTD,BRE
LION ASIAPAC LTD,BAZ
LIONGOLD CORP LTD,A78
LONZA GROUP LTD,O6Z
LORENZO INTERNATIONAL LIMITED,5IE
LOW KENG HUAT (SINGAPORE) LTD,F1E
LTC CORPORATION LIMITED,L17
LUM CHANG HOLDINGS LIMITED,L19
LUNG KEE (BERMUDA) HLDGS LTD,L09
LUXKING GROUP HOLDINGS LIMITED,BKK
LUZHOU BIO-CHEM TECHNOLOGY LTD,L46
LY CORPORATION LIMITED,1H8
M DEVELOPMENT LTD.,N14
M1 LIMITED,B2F
MAGNUS ENERGY GROUP LTD.,41S
MALAYSIA SMELTING CORP BHD,NPW
MANDARIN ORIENTAL INTL LTD,M04
MANHATTAN RESOURCES LIMITED,L02
MARCO POLO MARINE LTD.,5LY
MARUWA CO. LTD,M12
MARY CHIA HOLDINGS LIMITED,5OX
MATEX INTERNATIONAL LIMITED,M15
MAXI-CASH FIN SVCS CORP LTD,5UF
MDR LIMITED,A27
MEDINEX LIMITED,OTX
MEDTECS INTERNATIONAL CORP LTD,546
MEGACHEM LIMITED,5DS
MEGHMANI ORGANICS LIMITED,M30
MEGROUP LTD.,SJY
MEMORIES GROUP LIMITED,1H4
MEMSTAR TECHNOLOGY LTD.,5MS
MEMTECH INTERNATIONAL LTD,BOL
MENCAST HOLDINGS LTD.,5NF
MERCATOR LINES (SINGAPORE) LTD,EE6
MERCURIUS CAP INVESTMENT LTD,5RF
MERMAID MARITIME PUBLIC CO LTD,DU4
METAL COMPONENT ENGG LTD,5DX
METECH INTERNATIONAL LTD,V3M
METRO HOLDINGS LIMITED,M01
MEWAH INTERNATIONAL INC.,MV4
MFG INTEGRATION TECHNOLOGY LTD,M11
MICRO-MECHANICS (HOLDINGS) LTD,5DD
MIDAS HLDGS LIMITED,5EN
MINDCHAMPS PRESCHOOL LIMITED,CNE
MIRACH ENERGY LIMITED,AWO
MIYOSHI LIMITED,M03
MM2 ASIA LTD.,1B0
MMP RESOURCES LIMITED,F3V
MONEYMAX FINANCIAL SERVICESLTD,5WJ
MOYA HOLDINGS ASIA LIMITED,5WE
MS HOLDINGS LIMITED,40U
MSM INTERNATIONAL LIMITED,5QR
MTQ CORPORATION LIMITED,M05
MULTI-CHEM LIMITED,AWZ
MUN SIONG ENGINEERING LIMITED,MF6
MURATA MFG CO. LTD 100,M20
MYP LTD.,F86
NAM CHEONG LIMITED,N4E
NAM LEE PRESSED METAL INDS LTD,G0I
NATURAL COOL HOLDINGS LIMITED,5IF
NAUTICAWT LIMITED,42D
NEO GROUP LIMITED,5UJ
NERATELECOMMUNICATIONS LTD,N01
NET PACIFIC FIN HLDGS LTD,5QY
NETLINK NBN TRUST,CJLU
NEW SILKROUTES GROUP LIMITED,BMT
NEW TOYO INT HLDGS LTD,N08
NEW WAVE HOLDINGS LTD.,5FX
NGSC LIMITED,B07
NICO STEEL HOLDINGS LIMITED,5GF
NIPPECRAFT LIMITED,N32
NO SIGNBOARD HOLDINGS LTD.,1G6
NOBLE GROUP LIMITED,CGP
NOEL GIFTS INTERNATIONAL LTD,543
"NOMURA HOLDINGS, INC",N33
NORDIC GROUP LIMITED,MR7
NSL LTD.,N02
NTEGRATOR INTERNATIONAL LTD,5HC
NUTRYFARM INTERNATIONAL LTD,AZT
OCEAN SKY INTERNATIONAL LTD,1B6
OCEANUS GROUP LIMITED,579
OEL (HOLDINGS) LIMITED,584
OKH GLOBAL LTD.,S3N
OKP HOLDINGS LIMITED,5CF
OLAM INTERNATIONAL LIMITED,O32
OLD CHANG KEE LTD.,5ML
OLIVE TREE ESTATES LIMITED,1H2
ONEAPEX LIMITED,5SY
ORIENTAL GROUP LTD.,5FI
OSSIA INTERNATIONAL LTD,O08
OUE LIMITED,LJ3
OUE LIPPO HEALTHCARE LTD,5WA
OUHUA ENERGY HOLDINGS LIMITED,AJ2
OVERSEA-CHINESE BANKING CORP,O39
OVERSEAS EDUCATION LIMITED,RQ1
OXLEY HOLDINGS LIMITED,5UX
P5 CAPITAL HOLDINGS LTD.,5AI
PACC OFFSHORE SVCS HLDG LTD.,U6C
PACIFIC ANDES RESOURCES DEVLTD,P11
PACIFIC CENTURY REGIONAL DEVTS,P15
PACIFIC RADIANCE LTD.,T8V
PACIFIC STAR DEVELOPMENT LTD,1C5
PAN ASIAN HOLDINGS LIMITED,5EW
PAN HONG HOLDINGS GROUP LTD,P36
"PAN OCEAN CO., LTD.",AZY
PAN-UNITED CORPORATION LTD,P52
PARKSON RETAIL ASIA LIMITED,O9E
PAVILLON HOLDINGS LTD.,596
PCI LIMITED,P19
PEC LTD.,IX2
PENGUIN INTERNATIONAL LIMITED,BTM
PERENNIAL REAL ESTATE HLDGSLTD,40S
PHARMESIS INTERNATIONAL LTD.,BFK
PINE CAPITAL GROUP LIMITED,ADJ
PLASTOFORM HOLDINGS LIMITED,AYD
PLATO CAPITAL LIMITED,5PI
PNE INDUSTRIES LTD,BDA
POLARIS LTD.,5BI
POLLUX PROPERTIES LTD.,5AE
POWERMATIC DATA SYSTEMS LTD,BCY
PROCURRI CORPORATION LIMITED,BVQ
PROGEN HOLDINGS LTD,583
PROPNEX LIMITED,OYY
PRUDENTIAL PLC,K6S
PS GROUP HOLDINGS LTD.,5WD
PSL HOLDINGS LTD,BLL
PT BERLIAN LAJU TANKER TBK,B66
Q & M DENTAL GROUP (S) LIMITED,QC7
QAF LTD,Q01
QIAN HU CORPORATION LIMITED,BCV
QINGMEI GROUP HOLDINGS LIMITED,KT9
QT VASCULAR LTD.,5I0
RAFFLES EDUCATION CORP LTD,NR7
RAFFLES INFRASTRUCTUREHLDGSLTD,LUY
RAFFLES MEDICAL GROUP LTD,BSL
RAFFLES UNITED HOLDINGS LTD.,K22
RAMBA ENERGY LIMITED,R14
RE&S HOLDINGS LIMITED,1G1
REGAL INTERNATIONAL GROUP LTD.,UV1
RENEWABLE ENERGY ASIA GRP LTD,5DW
RESOURCES PRIMA GROUP LIMITED,5MM
REX INTERNATIONAL HOLDING LTD,5WH
RH PETROGAS LIMITED,T13
RHT HEALTH TRUST,RF1U
RICH CAPITAL HOLDINGS LIMITED,5G4
RIVERSTONE HOLDINGS LIMITED,AP4
ROXY-PACIFIC HOLDINGS LIMITED,E8Z
RYOBI KISO HOLDINGS LTD.,BDN
SAKAE HOLDINGS LTD.,5DO
SAMKO TIMBER LIMITED,E6R
SAMUDERA SHIPPING LINE LTD,S56
SAMURAI 2K AEROSOL LIMITED,1C3
SAN TEH LIMITED,S46
SANLI ENVIRONMENTAL LIMITED,1E3
SANTAK HOLDINGS LIMITED,580
SAPPHIRE CORPORATION LIMITED,BRD
SARINE TECHNOLOGIES LTD,U77
SATS LTD.,S58
SBI OFFSHORE LIMITED,5PL
SBS TRANSIT LTD,S61
SECOND CHANCE PROPERTIES LTD,528
SECURA GROUP LIMITED,43B
SEMBCORP INDUSTRIES LTD,U96
SEMBCORP MARINE LTD,S51
SEN YUE HOLDINGS LIMITED,5BS
SERIAL SYSTEM LTD,S69
SEROJA INVESTMENTS LIMITED,IW5
SERRANO LIMITED,40R
SEVAK LIMITED,BAI
SHANGHAI TURBO ENTERPRISES LTD,AWM
SHANGRI-LA ASIA LIMITED,S07
SHENG SIONG GROUP LTD,OV8
SHINVEST HOLDING LTD.,BJW
SHOPPER360 LIMITED,1F0
SHS HOLDINGS LTD.,566
SIA ENGINEERING CO LTD,S59
SIIC ENVIRONMENT HOLDINGS LTD.,BHK
SILKROAD NICKEL LTD.,STP
SILVERLAKE AXIS LTD,5CP
SIM LEISURE GROUP LTD.,URR
SIN GHEE HUAT CORPORATION LTD.,B7K
SIN HENG HEAVY MACHINERY LTD,BKA
SINARMAS LAND LIMITED,A26
SINCAP GROUP LIMITED,5UN
SING HOLDINGS LIMITED,5IC
SING INVESTMENTS & FINANCE LTD,S35
SINGAPORE AIRLINES LTD,C6L
SINGAPORE EDEVELOPMENT LTD,40V
SINGAPORE EXCHANGE LIMITED,S68
SINGAPORE KITCHEN EQUIPMENTLTD,5WG
SINGAPORE MEDICAL GROUP LTD,5OT
SINGAPORE MYANMAR INVESTCO LTD,Y45
SINGAPORE O&G LTD.,1D8
SINGAPORE POST LIMITED,S08
SINGAPORE PRESS HLDGS LTD,T39
SINGAPORE REINSURANCE COR LTD,S49
SINGAPORE SHIPPING CORP LTD,S19
SINGAPORE TECH ENGINEERING LTD,S63
SINGAPURA FINANCE LTD,S23
SINGHAIYI GROUP LTD.,5H0
SINGTEL,Z74
SINJIA LAND LIMITED,5HH
SINO GRANDNESS FOOD IND GP LTD,T4B
SINO TECHFIBRE LIMITED,AD8
SINOCLOUD GROUP LIMITED,5EK
SINOPIPE HOLDINGS LIMITED,X06
SINOSTAR PEC HOLDINGS LIMITED,C9Q
SINWA LIMITED,5CN
SITRA HOLDINGS (INTL) LIMITED,5LE
SK JEWELLERY GROUP LIMITED,42G
SLB DEVELOPMENT LTD.,1J0
SMJ INTERNATIONAL HOLDINGSLTD.,40B
SOILBUILD CONSTRUCTION GRP LTD,S7P
SOON LIAN HOLDINGS LIMITED,5MD
SOUP RESTAURANT GROUP LIMITED,5KI
SOUTHERN PACKAGING GROUP LTD,BQP
SP CORPORATION LIMITED,AWE
SPACKMAN ENTERTAINMENT GRP LTD,40E
SPINDEX INDUSTRIES LIMITED,564
SRI TRANG AGRO-INDUSTRY PCL,NC2
STAMFORD LAND CORPORATION LTD,H07
STAMFORD TYRES CORPORATIONLTD,S29
STAR PHARMACEUTICAL LIMITED,AYL
STARBURST HOLDINGS LIMITED,40D
STARHUB LTD,CC3
STARLAND HOLDINGS LIMITED,5UA
STRACO CORPORATION LIMITED,S85
STRAITS TRADING CO. LTD,S20
SUNMOON FOOD COMPANY LIMITED,AAJ
SUNNINGDALE TECH LTD,BHQ
SUNPOWER GROUP LTD.,5GD
SUNRIGHT LTD,S71
SUNRISE SHARES HOLDINGS LTD.,581
SUNTAR ECO-CITY LIMITED,BKZ
SUNVIC CHEMICAL HOLDINGS LTD,A7S
SUTL ENTERPRISE LIMITED,BHU
SWEE HONG LIMITED,QF6
SWIBER HOLDINGS LIMITED,BGK
SWING MEDIA TECHNOLOGY GRP LTD,BEV
SWISSCO HOLDINGS LIMITED,ADP
SYNAGIE CORPORATION LTD.,V2Y
SYSMA HOLDINGS LIMITED,5UO
TA CORPORATION LTD,PA3
TAI SIN ELECTRIC LIMITED,500
TALKMED GROUP LIMITED,5G3
TAT SENG PACKAGING GROUP LTD,T12
TECHCOMP (HOLDINGS) LIMITED,T43
TECHNICS OIL & GAS LIMITED,5CQ
TECKWAH INDUSTRIAL CORP LTD,561
TEE INTERNATIONAL LIMITED,M1Z
TEE LAND LIMITED,S9B
TEHO INTERNATIONAL INC LTD.,5OQ
TELECHOICE INTERNATIONAL LTD,T41
THAI BEVERAGE PUBLIC CO LTD,Y92
THAKRAL CORPORATION LTD,AWI
THE HOUR GLASS LIMITED,AGS
THE PLACE HOLDINGS LIMITED,E27
THE STRATECH GROUP LIMITED,BRR
THE TRENDLINES GROUP LTD.,42T
THOMSON MEDICAL GROUP LIMITED,A50
TIANJIN ZHONG XIN PHARM GROUP,T14
TIH LIMITED,T55
TIONG SENG HOLDINGS LIMITED,BFI
TIONG WOON CORP HOLDING LTD,BQM
TLV HOLDINGS LIMITED,42L
TOP GLOBAL LIMITED,BHO
TOP GLOVE CORPORATION BHD,BVA
TOSEI CORPORATION,S2D
TPV TECHNOLOGY LIMITED,T18
TRANSCORP HOLDINGS LIMITED,T19
TRANSIT-MIXED CONCRETE LTD,570
TRAVELITE HOLDINGS LTD.,BCZ
TREK 2000 INT'L LTD,5AB
TRITECH GROUP LIMITED,5G9
TRIYARDS HOLDINGS LIMITED,RC5
TSH CORPORATION LTD,KUH
TT INTERNATIONAL LIMITED,T09
TTJ HOLDINGS LIMITED,K1Q
TUAN SING HOLDINGS LIMITED,T24
TUNG LOK RESTAURANTS 2000 LTD,540
TYE SOON LTD,BFU
UG HEALTHCARE CORPORATION LTD,41A
UMS HOLDINGS LIMITED,558
UNI-ASIA GROUP LIMITED,CHJ
UNION GAS HOLDINGS LIMITED,1F2
UNION STEEL HOLDINGS LIMITED,BLA
UNITED ENGINEERS LTD ORD,U04
UNITED FOOD HOLDINGS LIMITED,AZR
UNITED GLOBAL LIMITED,43P
UNITED INDUSTRIAL CORP LTD,U06
UNITED OVERSEAS AUSTRALIA LTD,EH5
UNITED OVERSEAS BANK LTD,U11
UNITED OVERSEAS INSURANCE LTD,U13
UNIVERSAL RESOURCE & SVCS LTD,BGO
UNUSUAL LIMITED,1D1
UOB-KAY HIAN HOLDINGS LIMITED,U10
UOL GROUP LIMITED,U14
USP GROUP LIMITED,BRS
VALLIANZ HOLDINGS LTD,WPC
VALUEMAX GROUP LIMITED,T6I
VALUETRONICS HOLDINGS LIMITED,BN2
VASHION GROUP LTD.,1F4
VENTURE CORPORATION LIMITED,V03
VERSALINK HOLDINGS LIMITED,40N
VIBRANT GROUP LIMITED,BIP
VIBROPOWER CORPORATION LIMITED,BJD
VICOM LTD,V01
VICPLAS INTERNATIONAL LTD,569
VIKING OFFSHORE AND MARINE LTD,557
VIVIDTHREE HOLDINGS LTD.,OMK
WEE HUR HOLDINGS LTD.,E3B
WILLAS-ARRAY ELEC (HLDGS) LTD,BDR
WILMAR INTERNATIONAL LIMITED,F34
WILTON RESOURCES CORP LIMITED,5F7
WING TAI HLDGS LTD,W05
WONG FONG INDUSTRIES LIMITED,1A1
WORLD CLASS GLOBAL LIMITED,1E6
WORLD PRECISION MACHINERY LTD,B49
XMH HOLDINGS LTD.,BQF
Y VENTURES GROUP LTD.,1F1
YAMADA GREEN RESOURCES LIMITED,BJV
YANGZIJIANG SHIPBLDG HLDGS LTD,BS6
YANGZIJIANG SHIPBLDG HLDGS RMB,SO7
YANLORD LAND GROUP LIMITED,Z25
YEO HIAP SENG LTD,Y03
YHI INTERNATIONAL LIMITED,BPF
YINDA INFOCOMM LIMITED,42F
YING LI INTL REAL ESTATE LTD,5DM
YOMA STRATEGIC HOLDINGS LTD,Z59
YONGMAO HOLDINGS LIMITED,BKX
YONGNAM HOLDINGS LIMITED,AXB
YORKSHINE HOLDINGS LIMITED,MR8
YUUZOO NETWORKS GROUP CORP,AFC
ZHONGMIN BAIHUI RETAIL GRP LTD,5SR
ZHONGXIN FRUIT AND JUICE LTD,5EG
ZICO HOLDINGS INC.,40W
3CNERGY LIMITED,502
800 SUPER HOLDINGS LIMITED,5TG
8TELECOM INTL HOLDINGS CO LTD,AZG
