,Divy,Div,Price,Low1,High1,Low52,High52,EPS,PE,Vol,Cap
A-SMART HOLDINGS LTD. (BQC),,,0.4200,0.4350,0.4350,0.4200,0.6250,-0.005,,"113,379",55.996M
A-SONIC AEROSPACE LIMITED (BTJ),,,0.1920,0.1920,0.1920,0.1710,0.2450,0.025,7.68,735,11.228M
AA GROUP HOLDINGS LTD. (5GZ),,,0.0190,0.0190,0.0190,0.0160,0.0350,,1.12,"1,507,301",33.836M
ABR HOLDINGS LIMITED (533),3.33,0.03,0.7500,0.7500,0.7500,0.7500,0.8800,0.02,35.71,"2,560",150.747M
ABTERRA LTD (L5I),,,0.0450,0.0450,0.0450,0.0450,0.0450,,,,
ABUNDANCE INTERNATIONAL LTD (541),,,0.0130,0.0130,0.0130,0.0130,0.0230,,,0,8.356M
ACCORDIA GOLF TRUST (ADQU),5.25,0.03,0.6200,0.6150,0.6250,0.4800,0.6850,0.020,30.75,"981,417",675.959M
ACCRELIST LTD. (5RJ),,,0.0040,0.0040,0.0040,0.0030,0.0070,,,"814,860",22.331M
ACE ACHIEVE INFOCOM LIMITED (A75),,,0.0080,0.0080,0.0080,0.0080,0.0080,,,,
ACESIAN PARTNERS LIMITED (5FW),,,0.0160,0.0160,0.0160,0.0150,0.0190,,,"1,809",7.976M
ACMA LTD. (AYV),,,0.2000,0.1780,0.2050,0.1620,0.3100,-0.08,,"3,440",8.478M
ACROMEC LIMITED (43F),,,0.0890,0.0760,0.0890,0.0760,0.3000,,,"15,845",12.332M
ADDVALUE TECHNOLOGIES LTD (A31),,,0.0230,0.0230,0.0230,0.0220,0.0420,-0.007,,"854,307",43.02M
ADVANCE SCT LIMITED (5FH),,,0.0010,0.0010,0.0010,0.0010,0.0010,-0.000,,"1,900,177",41.317M
ADVANCED HOLDINGS LTD. (BLZ),25.13,0.05,0.2150,0.1800,0.2250,0.1650,0.2700,0.003,61.67,3,18.735M
ADVANCED SYSTEMS AUTOMATION (5TY),,,0.0010,0.0010,0.0010,0.0010,0.0020,,,"1,129,687",22.324M
ADVANCER GLOBAL LIMITED (43Q),,,0.1770,0.1750,0.1870,0.1700,0.3200,,10.29,"5,434",43.986M
ADVENTUS HOLDINGS LIMITED (5EF),,,0.0060,0.0040,0.0060,0.0040,0.0090,,,"179,014",11.704M
AEI CORPORATION LTD (AWG),,,0.6500,0.6000,0.6500,0.3450,0.9500,-0.28,,"1,450",36.876M
AEM HOLDINGS LTD (AWX),9.00,0.10,1.1400,1.1500,1.1900,0.6400,1.9425,0.12,9.51,"8,804,653",316.76M
AF GLOBAL LIMITED (L38),,,0.1680,0.1630,0.1630,0.1430,0.2200,0.001,163.00,"18,625",172.069M
AGV GROUP LIMITED (1A4),,,0.0150,0.0150,0.0150,0.0100,0.0740,,,"21,484",2.789M
AIMS PROPERTY SECURITIES FUND (BVP),,,1.7500,1.7500,1.7500,1.7500,1.7500,,,,
ALIBABA PICTURES GROUP LIMITED (S91),,,1.4300,1.4300,1.4300,0.9900,1.4300,-0.01,,85,36.958B
ALLIANCE MINERAL ASSETSLIMITED (40F),,,0.1870,0.1890,0.1930,0.1600,0.4000,,,"2,157,765",248.007M
ALLIED TECHNOLOGIES LIMITED (A13),,,0.0120,0.0120,0.0130,0.0110,0.0680,,6.00,"2,497,871",21.244M
ALPHA ENERGY HOLDINGS LIMITED (5TS),,,0.0690,0.0710,0.0750,0.0500,0.1740,,,"1,424,473",29.673M
AMARA HOLDINGS LTD (A34),2.17,0.01,0.4600,0.4550,0.4700,0.4050,0.5450,0.04,11.50,"25,392",264.485M
AMPLEFIELD LIMITED (AOF),,,0.0240,0.0240,0.0240,0.0190,0.0480,,,"113,337",21.615M
ANAN INTERNATIONAL LIMITED (Y35),,,0.0050,0.0040,0.0050,0.0010,0.0640,-0.005,,"28,425",21.166M
ANCHOR RESOURCES LIMITED (43E),,,0.0260,0.0240,0.0260,0.0180,0.0400,,,"1,278,151",27.261M
ANCHUN INTERNATIONAL HLDGS LTD (BTX),,,0.2000,0.1850,0.1860,0.1710,0.2850,-0.050,,"6,009",9.26M
ANNAIK LIMITED (A52),,,0.1000,0.0990,0.1000,0.0700,0.1500,,9.09,"4,901",24.477M
ANNICA HOLDINGS LIMITED (5AL),,,0.0010,0.0010,0.0010,0.0010,0.0010,,,"50,003",16.175M
AOXIN Q & M DENTAL GRP LIMITED (1D4),,,0.2000,0.2000,0.2100,0.1980,0.2650,,100.00,"34,459",76.315M
AP OIL INTERNATIONAL LIMITED (5AU),2.44,0.01,0.2050,0.1930,0.1940,0.1900,0.2500,0.011,17.64,"6,645",31.919M
APAC REALTY LIMITED (CLN),7.96,0.04,0.5650,0.5650,0.5800,0.4400,1.2800,0.079,7.28,"714,565",204.239M
ARION ENTERTAINMENT SPORE LTD (YYB),,,0.0070,0.0070,0.0070,0.0060,0.0300,,,"18,703",4.361M
ARTIVISION TECHNOLOGIES LTD. (5NK),,,0.0070,0.0060,0.0070,0.0060,0.0160,,,"196,253",12.585M
ASCENDAS INDIA TRUST (CY6U),6.23,0.07,1.1500,1.1500,1.1700,0.9900,1.1900,0.19,6.06,"1,004,445",1.216B
ASIA ENTERPRISES HOLDING LTD (A55),2.99,0.01,0.1670,0.1600,0.1670,0.1550,0.1830,0.005,33.40,"13,987",56.969M
ASIA FASHION HOLDINGS LIMITED (BQI),,,0.0640,0.0640,0.0640,0.0640,0.0640,,,,
ASIA VETS HOLDINGS LTD. (5RE),,,0.1500,0.1500,0.1800,0.0910,0.1800,,,"19,120",20.839M
ASIAMEDIC LIMITED (505),,,0.0220,0.0170,0.0220,0.0170,0.0570,,,"24,782",8.591M
ASIAN HEALTHCARE SPECIALISTS (1J3),,,0.2700,0.2700,0.2700,0.2250,0.3550,,38.57,"1,646",87.991M
ASIAN MICRO HOLDINGS LTD (585),,,0.0030,0.0030,0.0030,0.0030,0.0130,,,"69,090",2.065M
ASIAN PAY TELEVISION TRUST (S7OU),9.23,0.01,0.1300,0.1300,0.1310,0.1220,0.5750,0.00,26.00,"3,853,817",186.784M
ASIAPHOS LIMITED (5WV),,,0.0090,0.0080,0.0080,0.0080,0.0300,,,"140,175",8.252M
ASIATIC GROUP (HOLDINGS) LTD (5CR),,,0.0090,0.0090,0.0090,0.0060,0.0150,,9.00,"44,782",14.008M
ASIATRAVEL.COM HOLDINGS LTD (5AM),,,0.0270,0.0270,0.0270,0.0270,0.0270,,,,
ASL MARINE HOLDINGS LTD (A04),,,0.0710,0.0710,0.0710,0.0410,0.1090,-0.118,,"5,906",44.678M
ASPEN (GROUP) HOLDINGS LIMITED (1F3),,,0.1500,0.1500,0.1500,0.1080,0.2350,,5.17,"13,034",144.543M
ASPIAL CORPORATION LIMITED (A30),3.85,0.01,0.1950,0.1900,0.1950,0.1800,0.2600,0.015,13.00,"29,060",377.616M
ASTAKA HOLDINGS LIMITED (42S),,,0.0880,0.0880,0.0880,0.0610,0.0930,,,306,164.51M
ASTI HOLDINGS LIMITED (575),39.22,0.02,0.0510,0.0480,0.0480,0.0470,0.1140,0.041,1.17,"271,210",31.427M
ATLANTIC NAVIGATION HLDG(S)LTD (5UL),,,0.1000,0.1000,0.1000,0.1000,0.1000,,,,
ATTILAN GROUP LIMITED (5ET),,,0.0020,0.0020,0.0020,0.0020,0.0020,,,,
AUSGROUP LIMITED (5GJ),,,0.0320,0.0300,0.0310,0.0300,0.0535,0.01,5.00,"3,426,771",91.447M
AVARGA LIMITED (U09),25.53,0.06,0.2350,0.2350,0.2450,0.1910,0.2650,0.012,19.58,"162,860",222.561M
AVI-TECH ELECTRONICS LIMITED (BKY),5.42,0.02,0.2950,0.2850,0.2950,0.2800,0.5350,0.019,15.00,"50,154",48.748M
AVIC INTL MARITIME HLDGLIMITED (O2I),,,0.0960,0.0960,0.0980,0.0850,0.1750,,6.00,"15,579",27.415M
AXCELASIA INC. (42U),,,0.0850,0.0850,0.0850,0.0240,0.1000,,,15,13.627M
AYONDO LTD. (1I5),,,0.0480,0.0450,0.0560,0.0450,0.2750,,,"50,965",24.47M
AZEUS SYSTEMS HOLDINGS LTD. (BBW),2.97,0.01,0.3650,0.3650,0.3650,0.2100,0.4400,0.042,8.69,"3,559",10.95M
BAKER TECHNOLOGY LIMITED (BTP),,,0.4000,0.3950,0.4000,0.3950,0.6400,0.09,4.60,"35,347",81.151M
BAN LEONG TECHNOLOGIES LIMITED (B26),6.48,0.02,0.2650,0.2650,0.2650,0.2000,0.2700,0.043,6.16,"3,212",30.19M
BANYAN TREE HOLDINGS LIMITED (B58),1.72,0.01,0.5800,0.5600,0.5800,0.4800,0.6200,0.016,35.31,"333,729",474.24M
BBR HOLDINGS (S) LTD (KJ5),2.35,0.00,0.1700,0.1690,0.1700,0.1610,0.2350,0.01,18.89,"26,495",54.806M
BENG KUANG MARINE LIMITED (BEZ),,,0.0650,0.0400,0.0770,0.0390,0.0960,-0.086,,"3,304",10.396M
BEST WORLD INTERNATIONAL LTD (CGN),1.63,0.04,2.3300,2.2400,2.4600,1.1500,3.3300,0.13,17.97,"3,673,018",1.313B
BH GLOBAL CORPORATION LIMITED (BQN),,,0.0870,0.0870,0.0870,0.0549,0.2517,-0.215,,"13,980",26.1M
BIOLIDICS LIMITED (8YY),,,0.2800,0.2600,0.2900,0.1800,0.3300,,,"196,388",70.325M
BLACKGOLD NATURAL RESOURCESLTD (41H),,,0.0120,0.0120,0.0120,0.0120,0.0810,,,"2,505,085",11.239M
BLUMONT GROUP LTD. (A33),,,0.0030,0.0020,0.0030,0.0020,0.0050,0.000,,"2,648,940",55.142M
BM MOBILITY LTD. (I9T),,,0.0070,0.0070,0.0070,0.0070,0.0130,-0.019,,"47,195",3.685M
BOARDROOM LIMITED (B10),3.23,0.03,0.7750,0.7700,0.7800,0.6550,0.8200,0.033,23.48,"1,979",162.486M
BOLDTEK HOLDINGS LIMITED (5VI),,,0.0840,0.0780,0.0840,0.0730,0.2150,,,"24,981",15.592M
BONVESTS HOLDINGS LTD (B28),1.22,0.02,1.3100,1.3000,1.3100,1.2300,1.4100,0.03,43.67,"9,018",525.987M
BOUSTEAD PROJECTS LIMITED (AVM),1.60,0.01,0.9400,0.9350,0.9350,0.7800,0.9400,0.098,9.54,"44,321",289.576M
BOUSTEAD SINGAPORE LIMITED (F9D),3.75,0.03,0.8000,0.7900,0.8000,0.7600,0.8500,0.07,11.27,"91,698",394.388M
BRC ASIA LIMITED (BEC),0.75,0.01,1.3300,1.3200,1.3400,1.1400,1.5700,0.07,20.00,"316,051",312.669M
BREADTALK GROUP LIMITED (CTN),1.73,0.01,0.8650,0.8700,0.8700,0.7950,1.2600,0.03,32.22,"211,657",490.051M
BRITISH & MALAYAN HLDG LIMITED (CJN),0.86,0.03,3.5000,3.5000,3.5000,3.3800,3.5000,-0.06,,28,30.653M
BROADWAY INDUSTRIAL GROUP LTD (B69),,,0.0550,0.0530,0.0530,0.0340,0.1210,0.004,13.25,"51,609",24.855M
BROOK CROMPTON HOLDINGS LTD. (AWC),2.78,0.02,0.7200,0.7000,0.7300,0.6000,0.8950,0.10,7.06,"2,496",25.53M
BUKIT SEMBAWANG ESTATES LTD (B61),0.71,0.04,5.65,5.61,5.68,5.21,6.32,0.54,10.46,"49,140",1.458B
BUMITAMA AGRI LTD. (P8Z),4.14,0.03,0.6650,0.6600,0.6800,0.5900,0.7350,0.05,13.60,"228,898",1.182B
BUND CENTER INVESTMENT LTD (BTE),3.76,0.02,0.5850,0.5650,0.5900,0.5500,0.7600,0.04,16.86,"12,626",447.674M
C&G ENV PROTECT HLDGS LTD (D79),,,0.0150,0.0070,0.0150,0.0050,0.0150,-0.000,,160,14.666M
CACOLA FURNITURE INTL LIMITED (D2U),,,0.0010,0.0010,0.0010,0.0010,0.0010,,,,
CAMSING HEALTHCARE LIMITED (BAC),,,1.0700,1.0700,1.0700,0.9000,1.0700,-0.03,,46,32.1M
CAPITAL WORLD LIMITED. (1D5),,,0.0490,0.0490,0.0490,0.0310,0.0800,,3.77,"445,076",64.537M
CAPITALAND LIMITED (C31),3.50,0.12,3.4300,3.4000,3.5000,2.9800,3.8000,0.39,8.95,"6,708,041",14.528B
CAPTII LIMITED (AWV),3.33,0.01,0.3900,0.3900,0.3900,0.3700,0.5750,0.07,5.34,"1,204",12.463M
CASA HOLDINGS LIMITED (C04),,,0.0700,0.0700,0.0700,0.0450,0.1240,0.01,4.67,"3,014",14.688M
CDW HOLDING LIMITED (BXE),8.62,0.01,0.1730,0.1780,0.1780,0.1710,0.2500,0.001,178.00,"34,378",40.449M
CEI LIMITED (AVV),1.56,0.01,0.9250,0.9300,0.9400,0.8400,1.0400,0.086,10.87,"10,248",81.063M
CENTURION CORPORATION LIMITED (OU8),4.76,0.02,0.4200,0.4100,0.4200,0.3950,0.5100,0.09,4.47,"142,596",353.127M
CFM HOLDINGS LIMITED (5EB),,,0.0280,0.0280,0.0280,0.0170,0.0390,,,625,5.643M
CH OFFSHORE LTD (C13),,,0.0820,0.0820,0.0820,0.0710,0.2150,-0.041,,848,57.801M
CHALLENGER TECHNOLOGIES LTD (573),6.08,0.03,0.5100,0.5100,0.5100,0.4600,0.5500,0.06,9.11,"35,048",176.056M
CHARISMA ENERGY SERVICES LTD (5QT),,,0.0020,0.0020,0.0020,0.0010,0.0050,,,"1,226,520",26.333M
CHASEN HOLDINGS LIMITED (5NV),5.48,0.00,0.0730,0.0740,0.0740,0.0610,0.0890,0.017,4.35,"604,221",28.64M
CHASWOOD RESOURCES HLDGS LTD. (5TW),,,0.0090,0.0090,0.0090,0.0090,0.0090,,,,
CHEMICAL INDUSTRIES (F.E.) LTD (C05),2.05,0.01,0.7300,0.7000,0.7300,0.6600,0.8000,0.14,5.29,"1,907",55.44M
CHEUNG WOH TECHNOLOGIES LTD (C50),1.04,0.00,0.1400,0.1400,0.1400,0.1100,0.1660,-0.02,,"1,851",42.31M
CHINA AVIATION OIL(S) CORP LTD (G92),3.33,0.04,1.3500,1.2800,1.3500,1.0400,1.6600,0.10,12.38,"966,239",1.118B
CHINA ENVIRONMENT LTD. (5OU),,,0.0370,0.0370,0.0370,0.0370,0.0370,,,,
CHINA ENVIRONMENTAL RES GP LTD (RS1),,,0.0150,0.0150,0.0150,0.0150,0.0310,-0.011,,"2,126",25.678M
CHINA ESSENCE GROUP LTD. (G54),,,0.0140,0.0140,0.0140,0.0140,0.0140,,,,
CHINA EVERBRIGHT WATER LIMITED (U9E),2.76,0.01,0.3550,0.3500,0.3900,0.2950,0.4550,0.03,12.26,"846,896",1.017B
CHINA FISHERY GROUP LIMITED (B0Z),,,0.0760,0.0760,0.0760,0.0760,0.0760,,,,
CHINA GAOXIAN FIBREFAB HLDGLTD (AZZ),,,0.0070,0.0070,0.0080,0.0070,0.0600,-0.117,,"6,500","796,250"
CHINA GREAT LAND HOLDINGS LTD. (D50),,,0.0050,0.0050,0.0050,0.0050,0.0050,,,,
CHINA HAIDA LTD. (C92),,,0.0250,0.0070,0.0260,0.0030,0.0360,-0.018,,"2,290",6.372M
CHINA HONGXING SPORTS LIMITED (BR9),,,,,,,,,,,
CHINA INTERNATIONAL HLDGS LTD (BEH),,,0.5500,0.5500,0.5500,0.1800,0.5500,-0.01,,339,39.176M
CHINA JINJIANG ENV HLDG CO LTD (BWM),8.03,0.05,0.6350,0.5850,0.6100,0.4300,0.6850,0.07,8.68,"81,835",851.518M
CHINA JISHAN HOLDINGS LIMITED (J18),,,0.1100,0.1100,0.1100,0.0600,0.1750,0.00,110.00,"7,467",33.165M
CHINA KANGDA FOOD COMPANY LTD (P74),,,0.1700,0.1100,0.1700,0.0700,0.1700,-0.00,,"4,612",73.601M
CHINA KUNDA TECH HOLDINGS LTD (GU5),,,0.0100,0.0100,0.0100,0.0100,0.0100,,,"100,000",4.098M
CHINA MEDICAL (INTL) GP LTD (VFP),,,0.0020,0.0020,0.0020,0.0010,0.0040,,,"10,531,818",21.249M
CHINA MINING INTERNATIONAL LTD (BHD),,,0.2400,0.2400,0.2400,0.2400,0.2400,,,,
CHINA PAPER HOLDINGS LIMITED (C71),,,0.0240,0.0240,0.0240,0.0240,0.0240,,,,
CHINA REAL ESTATE GRP LTD. (5RA),,,0.0020,0.0020,0.0020,0.0010,0.0040,,,"971,525",35.648M
"CHINA SKY CHEM FIBRE CO., LTD. (E90)",,,0.0270,0.0270,0.0270,0.0270,0.0270,,,,
CHINA SPORTS INTL LIMITED (FQ8),,,0.0110,0.0110,0.0110,0.0110,0.0110,,,,
CHINA STAR FOOD GROUP LIMITED (42W),,,0.0290,0.0270,0.0290,0.0190,0.0890,,3.22,"1,037,737",8.61M
CHINA SUNSINE CHEM HLDGS LTD. (CH8),2.38,0.03,1.2600,1.1600,1.2500,0.9050,1.6500,0.20,5.66,"897,759",569.922M
CHINA TAISAN TECH GRP HLDGSLTD (AZW),,,0.0280,0.0280,0.0280,0.0280,0.0280,,,,
CHINA YUANBANG PROP HLDGS LTD (BCD),,,0.3350,0.2050,0.3350,0.1500,0.3400,0.021,15.95,"2,042",23.249M
CHINESE GLOBAL INVESTORS GRP (5CJ),,,0.0100,0.0100,0.0100,0.0100,0.0100,,,,
CHIP ENG SENG CORPORATION LTD (C29),5.33,0.04,0.7500,0.7500,0.7700,0.6400,1.0300,0.10,7.68,"1,620,029",475.771M
CHOO CHIANG HOLDINGS LTD. (42E),,,0.2900,0.2900,0.3000,0.1910,0.3200,,12.08,640,60.32M
CHUAN HUP HOLDINGS LIMITED (C33),2.99,0.01,0.3350,0.3300,0.3400,0.2750,0.3450,0.010,33.50,"275,964",310.971M
CITIC ENVIROTECH LTD. (CEE),3.96,0.02,0.5050,0.4800,0.5050,0.3300,0.7350,0.043,11.28,"2,295,921",1.174B
CITY DEVELOPMENTS LIMITED (C09),0.91,0.08,8.81,8.64,8.87,7.80,13.59,0.58,15.14,"1,800,360",8.017B
CIVMEC LIMITED (P9D),1.71,0.01,0.4100,0.4100,0.4100,0.3900,0.5800,0.05,7.88,"11,243",205.404M
CLEARBRIDGE HEALTH LIMITED (1H3),,,0.1750,0.1640,0.1650,0.1470,0.5950,,,"219,203",80.247M
CNA GROUP LTD. (5GC),,,0.0260,0.0260,0.0260,0.0260,0.0260,,,,
CNMC GOLDMINE HOLDINGS LIMITED (5TP),,,0.2250,0.2150,0.2250,0.1850,0.2900,,26.88,"222,679",87.654M
COLEX HOLDINGS LIMITED (567),,,0.2500,0.2500,0.2650,0.2450,0.4000,,7.29,"2,035",33.793M
COMBINE WILL INTL HLDGS LTD (N0Z),,,1.0100,1.0000,1.0200,0.8000,1.4000,0.43,2.37,"4,510",32.651M
COMFORTDELGRO CORPORATION LTD (C52),4.32,0.10,2.4300,2.4100,2.4700,1.9600,2.5100,0.14,17.50,"7,187,046",5.305B
COMPACT METAL INDUSTRIES LTD (T4E),,,0.0370,0.0170,0.0370,0.0140,0.0440,0.003,12.33,"127,557",209.561M
CORDLIFE GROUP LIMITED (P8A),2.05,0.01,0.4000,0.4000,0.4300,0.3600,0.9500,0.01,32.31,"15,182",106.387M
CORTINA HOLDINGS LIMITED (C41),1.45,0.02,1.3800,1.3700,1.3800,0.8050,1.3800,0.17,7.89,"9,126",228.498M
COSCO SHIPPING INTL(S) CO. LTD (F83),,,0.3550,0.3550,0.3650,0.3150,0.5350,0.006,59.17,"4,326,839",794.934M
COSMOSTEEL HOLDINGS LIMITED (B9S),,,0.0480,0.0490,0.0530,0.0300,0.1190,-0.103,,"205,742",14.23M
COURAGE INVESTMENT GRP LIMITED (CIN),,,0.0400,0.0400,0.0400,0.0180,0.0990,0.02,2.00,553,26.471M
COURTS ASIA LIMITED (RE2),,,0.2000,0.2000,0.2000,0.1430,0.2950,-0.02,,"144,164",103.493M
CPH LTD (539),,,0.0070,0.0070,0.0090,0.0040,0.0110,,,"113,607",8.605M
CREATIVE TECHNOLOGY LTD (C76),,,5.07,5.10,5.20,3.20,10.00,0.15,33.40,"473,436",359.394M
CSC HOLDINGS LTD (C06),,,0.0210,0.0190,0.0190,0.0180,0.0280,-0.008,,"277,665",44.125M
CSE GLOBAL LTD (544),6.25,0.03,0.5050,0.4950,0.5150,0.3650,0.5150,0.039,12.95,"1,289,150",256.989M
CWX GLOBAL LIMITED (594),,,0.0030,0.0030,0.0040,0.0030,0.0090,,0.50,"466,785",11.7M
DAIRY FARM INT'L HOLDINGS LTD (D01),3.38,0.29,8.57,8.59,8.67,7.67,9.94,0.07,127.21,"430,880",11.701B
DARCO WATER TECHNOLOGIES LTD (BLR),,,0.5000,0.3500,0.5000,0.3500,0.5000,0.00,100.00,258,46.916M
DASIN RETAIL TRUST (CEDU),4.66,0.04,0.8900,0.8850,0.8950,0.8300,0.9150,-0.02,,"237,835",489.144M
DATAPULSE TECHNOLOGY LIMITED (BKW),3.57,0.01,0.2800,0.2750,0.2750,0.2500,0.3950,0.164,1.68,"150,817",60.246M
DBS GROUP HOLDINGS LTD (D05),4.78,1.20,25.08,25.11,25.50,22.65,31.28,2.18,11.70,"3,377,959",65.236B
DEBAO PROPERTY DEVELOPMENT LTD (BTF),,,0.0800,0.0770,0.0800,0.0770,0.1220,-0.28,,"1,579",6M
DECLOUT LIMITED (5UZ),,,0.1300,0.1290,0.1290,0.0650,0.1310,,,"2,560,268",85.914M
DEL MONTE PACIFIC LIMITED (D03),,,0.1420,0.1430,0.1430,0.1050,0.2600,-0.022,,"96,406",277.986M
DELFI LIMITED (P34),1.77,0.03,1.4500,1.4500,1.4500,0.9900,1.5700,0.03,42.65,"104,651",886.178M
DELONG HOLDINGS LIMITED (BQO),9.45,0.55,5.82,5.77,5.82,3.02,7.00,2.23,2.61,"10,115",641.265M
DESIGN STUDIO GROUP LTD. (D11),,,0.1400,0.1300,0.1300,0.1210,0.3800,-0.09,,"7,403",33.834M
DISA LIMITED (532),,,0.0040,0.0030,0.0040,0.0020,0.0120,,,"2,513,995",30.116M
DLF HOLDINGS LIMITED (KUX),,,0.1770,0.1530,0.1730,0.0130,0.2200,,,"8,731",20.952M
DRAGON GROUP INTL LIMITED (MT1),,,0.0040,0.0040,0.0040,0.0040,0.0040,,,,
DUKANG DISTILLERS HLDGS LTD (BKV),,,0.1650,0.1650,0.1650,0.1500,0.3550,-0.421,,"4,489",13.172M
DUTECH HOLDINGS LIMITED (CZ4),4.35,0.01,0.2300,0.2350,0.2350,0.2050,0.3300,0.024,9.79,"6,768",83.786M
DUTY FREE INTERNATIONALLIMITED (5SO),14.29,0.03,0.1960,0.1950,0.1950,0.1750,0.2750,0.009,21.67,"160,735",235.648M
DYNA-MAC HOLDINGS LTD. (NO4),,,0.1020,0.1020,0.1040,0.0870,0.1450,-0.020,,"36,207",106.414M
DYNAMIC COLOURS LIMITED (D6U),2.63,0.01,0.1900,0.1900,0.1900,0.1880,0.2750,0.01,14.62,"2,000",39.894M
ECOWISE HOLDINGS LIMITED (5CT),,,0.0280,0.0280,0.0280,0.0230,0.0450,,28.00,"107,531",26.796M
EDITION LTD. (5HG),,,0.0070,0.0070,0.0070,0.0040,0.0070,,,"18,750",17.576M
EINDEC CORPORATION LIMITED (42Z),,,0.0290,0.0230,0.0290,0.0210,0.0480,,,"5,537",3.123M
ELEC & ELTEK INT CO LTD (E16),5.48,0.08,1.4600,1.3500,1.3900,1.2400,1.7500,0.13,10.62,"15,617",257.95M
ELLIPSIZ LTD (BIX),2.35,0.01,0.4250,0.4250,0.4350,0.3000,0.6950,-0.037,,"28,576",72.701M
EMAS OFFSHORE LIMITED (UQ4),,,0.0500,0.0500,0.0500,0.0500,0.0500,,,,
EMERGING TOWNS&CITIES SING LTD (1C0),,,0.0260,0.0250,0.0270,0.0220,0.0740,,,"74,578",25.979M
EMS ENERGY LIMITED (42O),,,0.0220,0.0220,0.0220,0.0220,0.0220,,,,
ENGRO CORPORATION LIMITED (S44),2.96,0.03,0.8450,0.8450,0.8450,0.8350,1.0100,0.050,16.90,"1,714",100.236M
ENVICTUS INTERNATIONAL HLDGLTD (BQD),,,0.1400,0.1400,0.1420,0.1400,0.3666,-0.05,,"18,856",34.596M
ENVIRO-HUB HOLDINGS LTD (L23),8.11,0.00,0.0370,0.0320,0.0330,0.0200,0.0680,0.001,33.00,"19,001",34.114M
EPICENTRE HOLDINGS LIMITED (5MQ),,,0.0890,0.0740,0.1170,0.0450,0.1450,,,"106,096",14.193M
ES GROUP (HOLDINGS) LIMITED (5RC),,,0.0260,0.0260,0.0260,0.0260,0.0260,,,"25,000",3.671M
EUROSPORTS GLOBAL LIMITED (5G1),,,0.1900,0.1850,0.1850,0.1600,0.2250,,,"43,421",48.917M
EXCELPOINT TECHNOLOGY LTD (BDF),5.08,0.03,0.5900,0.5900,0.6000,0.5700,0.7750,0.07,8.68,"9,353",70.324M
EZION HOLDINGS LIMITED (5ME),,,0.0430,0.0430,0.0440,0.0380,0.2550,-0.109,,"52,508,442",160.304M
EZRA HOLDINGS LIMITED (5DN),,,0.0110,0.0110,0.0110,0.0110,0.0110,,,,
F J BENJAMIN HOLDINGS LTD (F10),,,0.0300,0.0300,0.0300,0.0300,0.0648,-0.00,,"22,871",27.298M
FABCHEM CHINA LIMITED (BFT),,,0.1580,0.1250,0.1580,0.1150,0.2550,-0.078,,"2,200",7.394M
FALCON ENERGY GROUP LIMITED (5FL),,,0.0270,0.0260,0.0280,0.0220,0.0680,-0.093,,"844,392",23.669M
FAR EAST GROUP LIMITED (5TJ),,,0.1350,0.1350,0.1360,0.0720,0.1920,,33.75,"4,009",14.645M
FAR EAST ORCHARD LIMITED (O10),4.76,0.06,1.2600,1.2500,1.2700,1.1800,1.5100,0.08,16.80,"57,003",550.877M
FEDERAL INT(2000) LTD (BDU),6.52,0.01,0.2300,0.2150,0.2250,0.2050,0.3850,-0.04,,"16,475",30.947M
FIGTREE HOLDINGS LIMITED (5F4),,,0.1070,0.0900,0.1070,0.0790,0.1500,,,"1,557",37.234M
FIRST RESOURCES LIMITED (EB5),1.89,0.03,1.7200,1.7000,1.7200,1.5000,1.7800,0.09,19.77,"523,290",2.693B
FIRST SHIP LEASE TRUST (D8DU),,,0.0460,0.0460,0.0460,0.0430,0.0920,-0.030,,"164,812",29.323M
FIRST SPONSOR GROUP LIMITED (ADN),1.80,0.02,1.2800,1.2700,1.2800,1.2182,1.3909,0.15,8.47,"11,945",824.796M
FOOD EMPIRE HOLDINGS LIMITED (F03),1.17,0.01,0.5800,0.5700,0.5700,0.4950,0.6900,0.03,16.76,"19,576",304.472M
FORELAND FABRICTECH HLDS LTD (B0I),,,0.0090,0.0090,0.0090,0.0090,0.0090,,,,
FORISE INTERNATIONAL LIMITED (I5H),,,0.0030,0.0030,0.0030,0.0030,0.0080,0.000,,"38,282",6.39M
FRAGRANCE GROUP LIMITED (F31),5.63,0.01,0.1420,0.1380,0.1420,0.1030,0.1630,0.008,17.75,"123,101",953.269M
"FRASER AND NEAVE, LIMITED (F99)",3.31,0.06,1.8100,1.7600,1.8400,1.6700,2.3500,0.09,19.14,"73,915",2.579B
FRASERS PROPERTY LIMITED (TQ5),7.17,0.12,1.7300,1.7200,1.7400,1.5500,2.0300,0.25,6.88,"228,651",5.022B
FRENCKEN GROUP LIMITED (E28),4.55,0.02,0.4700,0.4650,0.5200,0.3700,0.6700,0.07,7.18,"211,260",214.966M
FU YU CORPORATION LTD (F13),5.85,0.01,0.2050,0.2050,0.2100,0.1580,0.2200,0.02,13.12,"2,091,878",158.129M
FUJI OFFSET PLATES MFG LTD (508),,,0.2550,0.2550,0.2550,0.1950,0.2550,,,21,12.728M
FUJIAN ZHENYUN PLAS IND CO LTD (5KT),,,,,,,,,,,
FULL APEX (HOLDINGS) LIMITED (BTY),,,,,,,,,,,
FUXING CHINA GROUP LIMITED (AWK),,,0.7300,0.7300,0.7300,0.7000,1.1200,0.03,22.12,107,12.56M
G. K. GOH HOLDINGS LIMITED (G41),3.45,0.03,0.8800,0.8650,0.8800,0.8600,1.1900,-0.013,,"3,659",280.961M
GALLANT VENTURE LTD. (5IG),,,0.1310,0.1300,0.1310,0.0910,0.1480,-0.016,,"650,242",699.22M
GAYLIN HOLDINGS LIMITED (RF7),,,0.0250,0.0250,0.0260,0.0230,0.0980,-0.034,,"42,968",64.934M
GCCP RESOURCES LIMITED (41T),,,,,,,,,,,
GDS GLOBAL LIMITED (5VP),,,0.2400,0.2400,0.2400,0.2400,0.2400,,,,
GENTING SINGAPORE LIMITED (G13),3.40,0.04,1.0300,1.0200,1.0400,0.8550,1.3300,0.06,16.19,"26,679,744",12.298B
GEO ENERGY RESOURCES LIMITED (RE4),10.93,0.02,0.1830,0.1820,0.1850,0.1640,0.2550,0.020,9.20,"1,261,600",257.466M
GKE CORPORATION LIMITED (595),,,0.0720,0.0650,0.0720,0.0500,0.0930,,,"110,160",49.574M
GL LIMITED (B16),3.01,0.02,0.7300,0.7250,0.7250,0.6950,0.8350,0.048,15.10,"535,565",942.333M
GLOBAL DRAGON LIMITED (586),,,0.0450,0.0450,0.0450,0.0450,0.0796,,,"7,923",23.684M
GLOBAL INVACOM GROUP LIMITED (QS9),,,0.0310,0.0290,0.0300,0.0200,0.1400,0.006,4.83,"147,087",7.878M
GLOBAL INVESTMENTS LIMITED (B73),7.87,0.01,0.1270,0.1270,0.1290,0.1000,0.1500,0.004,32.25,"890,124",222.375M
GLOBAL PALM RESOURCES HLGS LTD (BLW),6.25,0.01,0.1600,0.1600,0.1600,0.1200,0.3650,-0.00,,"3,403",31.404M
GLOBAL TESTING CORPORATION LTD (AYN),29.20,0.20,0.6600,0.6600,0.6600,0.6000,1.3000,-0.14,,"4,664",23.234M
GOLDEN AGRI-RESOURCES LTD (E5H),2.11,0.01,0.2750,0.2750,0.2800,0.2250,0.3700,-0.00,,"14,376,525",3.566B
GOLDEN ENERGY AND RESOURCESLTD (AUE),22.24,0.06,0.2600,0.2300,0.2350,0.2100,0.4200,0.017,13.82,"116,510",552.978M
GOODLAND GROUP LIMITED (5PC),4.77,0.01,0.2200,0.2000,0.2200,0.2000,0.3100,0.02,12.22,"14,382",79.331M
GP INDUSTRIES LIMITED (G20),5.17,0.03,0.5800,0.5800,0.5800,0.5800,0.7900,0.04,14.15,"18,143",280.747M
GRAND BANKS YACHTS LIMITED (G50),1.72,0.01,0.2900,0.2300,0.2850,0.2300,0.3450,0.045,6.33,"11,275",52.507M
GRAND VENTURE TECHNOLOGY LTD (JLB),,,0.2500,0.2500,0.2500,0.2500,0.2500,,,,58.563M
GREAT EASTERN HLDGS LTD (G07),2.28,0.60,26.34,26.20,26.50,24.30,31.60,1.56,16.97,"11,982",12.529B
GREEN BUILD TECHNOLOGY LIMITED (Y06),,,0.0450,0.0300,0.0450,0.0300,0.0450,,,"25,666",11.101M
GRP LTD (BLU),4.63,0.01,0.1080,0.1090,0.1100,0.0970,0.2050,0.00,22.00,"7,959",21.307M
GS HOLDINGS LIMITED (43A),,,0.2550,0.2550,0.2550,0.1700,0.2550,,,"1,954",35.705M
GSH CORPORATION LIMITED (BDX),4.17,0.01,0.2950,0.2950,0.3000,0.2900,0.5050,0.003,98.33,"2,057,421",577.884M
GSS ENERGY LIMITED (41F),,,0.1120,0.1100,0.1150,0.0890,0.1790,,13.75,"4,072,465",54.577M
GUOAN INTERNATIONAL LIMITED (G11),,,0.0210,0.0210,0.0210,0.0100,0.0470,-0.001,,"5,031",150.661M
GUOCOLAND LIMITED (F17),3.74,0.07,1.8700,1.8600,1.8800,1.6700,2.2400,0.15,12.79,"186,195",2.086B
GYP PROPERTIES LIMITED (AWS),,,0.1620,0.1590,0.1590,0.1300,0.2100,0.016,9.94,"17,290",43.712M
HAFARY HOLDINGS LIMITED (5VS),12.35,0.02,0.1620,0.1620,0.1620,0.1550,0.1800,0.025,6.48,"3,607",69.749M
HAI LECK HOLDINGS LIMITED (BLH),1.90,0.01,0.5250,0.5100,0.5250,0.5100,0.5950,-0.007,,"10,603",107.979M
HALCYON AGRI CORPORATION LTD (5VJ),2.17,0.01,0.4450,0.4450,0.4450,0.3500,0.6200,-0.005,,"46,768",709.779M
HANWELL HOLDINGS LIMITED (DM0),4.35,0.01,0.2300,0.2250,0.2400,0.1680,0.2750,0.024,9.79,"201,595",130.053M
HATTEN LAND LIMITED (PH0),,,0.1180,0.1140,0.1160,0.1060,0.1830,,10.36,"454,012",157.103M
HAW PAR CORP LTD (H02),2.31,0.30,13.00,12.90,13.05,11.66,14.10,0.81,15.97,"46,054",2.86B
HC SURGICAL SPECIALISTSLIMITED (1B1),,,0.5850,0.5850,0.5850,0.5600,0.7000,,20.89,"17,278",87.163M
HEALTH MANAGEMENT INTL LTD (588),1.23,0.01,0.5450,0.5450,0.5550,0.5200,0.6750,0.02,32.35,"106,017",460.536M
HEALTHWAY MEDICAL CORP LTD (5NG),,,0.0300,0.0280,0.0300,0.0280,0.0560,,,"173,184",126.806M
HEATEC JIETONG HOLDINGS LTD. (5OR),,,0.0390,0.0380,0.0380,0.0200,0.0720,,,750,4.672M
HEETON HOLDINGS LIMITED (5DP),1.32,0.01,0.4550,0.4450,0.4600,0.4450,0.5900,0.05,8.52,"47,265",149.572M
HENGYANG PETROCHEM LOG LIMITED (5PD),,,0.1990,0.1990,0.1990,0.1990,0.1990,,,,
HG METAL MANUFACTURING LTD (BTG),,,0.2600,0.2600,0.2600,0.2450,0.4250,-0.03,,"20,559",33.129M
HI-P INTERNATIONAL LIMITED (H17),5.15,0.07,1.3600,1.3800,1.5200,0.7300,2.7900,0.12,12.08,"5,579,975",1.208B
HIAP HOE LIMITED (5JK),1.73,0.01,0.8650,0.8600,0.8650,0.8050,0.9200,-0.021,,"14,740",407.033M
HIAP SENG ENGINEERING LTD (510),,,0.0800,0.0600,0.0800,0.0420,0.1270,-0.10,,"11,239",24.3M
HIAP TONG CORPORATION LTD. (5PO),,,0.0740,0.0740,0.0750,0.0570,0.1140,,18.50,"8,446",22.797M
HL GLOBAL ENTERPRISES LIMITED (AVX),7.06,0.03,0.4050,0.3900,0.4100,0.3900,0.5550,0.02,22.78,"5,581",38.505M
HO BEE LAND LIMITED (H13),3.17,0.08,2.5200,2.5000,2.5300,2.2400,2.7100,0.41,6.16,"91,303",1.663B
HOCK LIAN SENG HOLDINGS LTD (J2T),4.93,0.02,0.3650,0.3500,0.3600,0.3050,0.4800,0.027,13.15,"62,067",181.797M
HOE LEONG CORPORATION LTD. (H20),,,0.0020,0.0020,0.0020,0.0020,0.0230,0.002,1.00,"141,775",11.239M
HONG FOK CORPORATION LTD (H30),1.40,0.01,0.7150,0.7150,0.7300,0.6400,0.8150,0.286,2.53,"180,109",502.442M
HONG LAI HUAT GROUP LIMITED (CTO),,,0.2500,0.2550,0.2550,0.1480,0.2800,0.036,7.08,"225,939",56.593M
HONG LEONG ASIA LTD. (H22),,,0.5700,0.5650,0.5900,0.4600,1.0321,-0.15,,"500,196",433.734M
HONG LEONG FINANCE LIMITED (S41),5.49,0.15,2.7300,2.7100,2.7300,2.5200,2.8300,0.26,10.23,"74,339",1.208B
HONGKONG LAND HOLDINGS LIMITED (H78),3.00,0.22,7.33,7.35,7.41,5.88,7.44,1.05,7.04,"1,711,049",17.248B
HOR KEW CORPORATION LIMITED (BBP),,,0.2550,0.2550,0.2550,0.2200,0.4600,-0.611,,137,13.277M
HOSEN GROUP LTD (5EV),,,0.0340,0.0340,0.0340,0.0300,0.0470,,17.00,"10,776",11.047M
HOTEL GRAND CENTRAL LTD (H18),3.73,0.05,1.3400,1.3100,1.3500,1.2400,1.6200,0.05,30.00,"51,271",980.822M
HOTEL PROPERTIES LTD (H15),1.05,0.04,3.8000,3.7100,3.8000,3.4600,4.0500,0.23,16.27,"10,796",1.975B
HOTEL ROYAL LTD (H12),1.61,0.05,3.0000,3.2700,3.2700,2.8100,3.9610,0.06,58.39,"1,218",329.616M
HOTUNG INVESTMENT HLDGS LTD (BLS),9.09,0.15,1.7000,1.6600,1.7000,1.6000,2.0800,0.12,14.00,"30,848",161.761M
HRNETGROUP LIMITED (CHZ),2.91,0.02,0.7900,0.7850,0.7950,0.7050,0.9100,0.05,16.46,"276,126",794.598M
HU AN CABLE HOLDINGS LTD. (KI3),,,,,,,,,,,
HUAN HSIN HOLDINGS LTD (H16),,,0.0140,0.0140,0.0140,0.0140,0.0140,,,,
HUATIONG GLOBAL LIMITED (41B),,,0.1790,0.1790,0.1790,0.1280,0.1800,,3.44,84,27.098M
HUPSTEEL LTD (BMH),1.35,0.01,0.7500,0.7250,0.7500,0.7250,0.9250,0.03,24.19,"9,359",91.534M
HUTCHISON PORT HLDGS TRUST S$ (P7VU),,,0.3150,0.3150,0.3150,0.3150,0.4150,0.012,26.25,"12,921,300",2.766B
HUTCHISON PORT HOLDINGS TRUST (NS8U),9.45,0.02,0.2300,0.2300,0.2350,0.2250,0.3550,0.012,19.58,"7,713,587",2.047B
HWA HONG CORPORATION LIMITED (H19),3.51,0.01,0.2850,0.2900,0.2950,0.2500,0.3700,0.007,42.14,"60,584",192.535M
HYFLUX LTD (600),,,0.2100,0.2100,0.2100,0.2100,0.2100,,,,
HYPHENS PHARMA INTL LIMITED (1J5),,,0.1940,0.1940,0.1940,0.1600,0.3050,,7.76,"8,090",58.2M
ICP LTD (5I4),,,0.0090,0.0080,0.0100,0.0070,0.0120,,,"528,210",26.517M
IEV HOLDINGS LIMITED (5TN),,,0.0250,0.0250,0.0250,0.0100,0.0350,,,"11,035",7.138M
IFAST CORPORATION LTD. (AIY),3.30,0.04,1.0900,1.1000,1.1100,0.8650,1.2200,0.04,27.75,"145,384",296.164M
IFS CAPITAL LIMITED (I49),2.50,0.01,0.2200,0.2200,0.2200,0.2100,0.2900,0.05,4.58,"23,179",82.713M
IHH HEALTHCARE BERHAD (Q0F),0.55,0.01,1.8900,1.8900,1.9200,1.5300,2.1500,0.00,475.00,"47,175",16.74B
IMPERIUM CROWN LIMITED (5HT),,,0.0140,0.0130,0.0140,0.0110,0.0730,,,"4,069,482",10.257M
INCH KENNETH KAJANG RUBBER PLC (I4R),,,,,,,,,,,
INDOFOOD AGRI RESOURCES LTD. (5JS),3.33,0.01,0.2100,0.2050,0.2100,0.1830,0.3400,0.003,68.33,"435,354",286.16M
INFORMATICS EDUCATION LTD. (BOU),,,0.0480,0.0480,0.0480,0.0410,0.0880,-0.046,,"1,715",3.466M
INNOPAC HOLDINGS LIMITED (I26),,,,,,,,,,,
INNOTEK LIMITED (M14),2.02,0.01,0.4950,0.4950,0.5100,0.3350,0.5150,0.09,5.73,"166,592",115.416M
INTERNATIONAL PRESS SOFTCOM (571),,,0.0070,0.0070,0.0070,0.0060,0.0197,,,"1,109",5.124M
INTERRA RESOURCES LIMITED (5GI),,,0.0340,0.0330,0.0340,0.0250,0.0690,0.004,8.50,"400,406",19.923M
INTRACO LIMITED (I06),,,0.2550,0.2500,0.2550,0.2500,0.3600,0.024,10.62,"3,385",26.45M
IPC CORPORATION LIMITED (AZA),,,0.3500,0.3200,0.3500,0.2650,0.4750,0.29,1.19,"33,050",29.852M
IPCO INT'L LIMITED (I11),,,0.0010,0.0010,0.0020,0.0010,0.0040,-0.004,,"2,064,665",6.181M
IPS SECUREX HOLDINGS LIMITED (42N),,,0.0500,0.0450,0.0500,0.0450,0.0820,,,"203,176",21.818M
ISDN HOLDINGS LIMITED (I07),3.26,0.01,0.2150,0.2150,0.2150,0.1850,0.2300,0.028,7.68,"460,426",90.66M
ISEC HEALTHCARE LTD. (40T),,,0.2900,0.2850,0.2950,0.2450,0.3200,,17.81,"92,520",147.262M
ISETAN (SINGAPORE) LTD (I15),1.48,0.05,3.3800,3.2000,3.3000,3.2000,3.9500,-0.33,,345,136.125M
ISOTEAM LTD. (5WF),,,0.2100,0.1990,0.2050,0.1800,0.3850,,11.06,"61,732",56.64M
ISR CAPITAL LIMITED (5EC),,,0.0040,0.0040,0.0040,0.0020,0.0060,-0.000,,"345,550",15.629M
IX BIOPHARMA LTD. (42C),,,0.2350,0.2200,0.2250,0.1420,0.2650,,,"160,467",141.811M
JACKSPEED CORPORATION LIMITED (J17),6.94,0.01,0.1440,0.1440,0.1440,0.1350,0.2150,0.021,6.86,484,43.344M
JADASON ENTERPRISES LTD (J03),,,0.0240,0.0230,0.0250,0.0170,0.0740,0.000,,"153,912",18.06M
JAPAN FOODS HOLDING LTD. (5OI),,,0.4300,0.4300,0.4300,0.4000,0.5300,,13.03,"6,075",74.649M
JAPFA LTD. (UD2),0.67,0.01,0.7500,0.6900,0.7500,0.4450,0.8400,0.033,21.36,"2,397,329",1.301B
JARDINE CYCLE & CARRIAGE LTD (C07),3.47,1.18,33.95,33.18,33.92,27.66,38.16,1.06,31.36,"349,349",13.138B
JARDINE MATHESON HLDGS LTD (J36),2.49,1.70,68.41,67.38,68.53,10.99,72.05,4.59,14.93,"236,873",21.799B
JARDINE STRATEGIC HLDGS LTD (J37),,0.20,39.33,38.51,40.25,31.55,40.78,3.23,12.40,"247,379",22.579B
JASON HOLDINGS LIMITED (5I3),,,,,,,,,,,
JASON MARINE GROUP LIMITED (5PF),,,0.1000,0.1000,0.1000,0.1000,0.1500,,,407,10.5M
JASPER INVESTMENTS LIMITED (FQ7),,,0.0070,0.0060,0.0080,0.0030,0.0180,-0.000,,"1,781,437",26.125M
JAWALA INC. (1J7),,,,,,,,,,,
JB FOODS LIMITED (BEW),3.15,0.02,0.6450,0.6400,0.6600,0.4950,0.7650,0.10,6.10,"144,867",194.048M
JEP HOLDINGS LTD. (1J4),,,0.1580,0.1600,0.1620,0.1220,0.3560,,80.00,"160,498",63.94M
JES INTERNATIONAL HOLDINGS LTD (EG0),,,,,,,,,,,
JIUTIAN CHEMICAL GROUP LIMITED (C8R),,,0.0190,0.0200,0.0210,0.0170,0.0730,,2.86,"6,678,134",36.369M
JOYAS INTERNATIONAL HLDGS LTD (E9L),,,0.0030,0.0020,0.0030,0.0010,0.0050,,,"286,418",5.741M
JUBILEE INDUSTRIES HLDGS LTD. (5OS),,,0.0300,0.0300,0.0310,0.0250,0.0430,,15.00,"1,452,926",30.413M
JUMBO GROUP LIMITED (42R),,,0.4050,0.4000,0.4100,0.3600,0.5750,,21.58,"102,134",262.847M
KARIN TECHNOLOGY HLDGS LIMITED (K29),9.36,0.03,0.3300,0.3300,0.3300,0.2750,0.3500,0.02,19.41,"11,529",70.867M
KATRINA GROUP LTD. (1A0),,,0.1850,0.1850,0.1850,0.1400,0.2500,,46.25,"6,017",42.831M
KENCANA AGRI LIMITED (BNE),,,0.0940,0.0940,0.0950,0.0920,0.2700,-0.083,,"4,995",26.979M
KEONG HONG HOLDINGS LIMITED (5TT),4.95,0.03,0.5050,0.4950,0.5050,0.4850,0.6300,0.103,4.90,"15,750",118.428M
KEPPEL CORPORATION LIMITED (BN4),4.08,0.25,6.13,6.15,6.26,5.67,8.35,0.52,12.05,"2,783,178",11.292B
KEPPEL INFRA TRUST WEF 2015 (A7RU),7.29,0.04,0.5100,0.5050,0.5150,0.4450,0.5800,0.01,63.75,"4,602,281",1.968B
KEPPEL TELE & TRAN (K11),1.86,0.04,1.8800,1.8800,1.8900,1.3200,1.9000,0.12,16.15,"290,873",1.057B
KHONG GUAN LIMITED (K03),1.49,0.03,2.0200,2.0200,2.0200,1.7000,2.1800,0.04,50.50,285,52.141M
KIMHENG OFFSHORE&MARINE HLDLTD (5G2),,,0.0700,0.0610,0.0710,0.0500,0.1020,,,"67,698",48.909M
KIMLY LIMITED (1D0),,,0.2400,0.2350,0.2450,0.2250,0.3800,,12.89,"229,768",282.95M
KING WAN CORPORATION LIMITED (554),,,0.1300,0.1160,0.1160,0.0880,0.1500,-0.015,,"3,350",40.505M
KINGBOARD COPPER FOIL HDGS LTD (K14),,,0.4800,0.4450,0.4450,0.3700,0.5200,0.003,148.33,"15,396",321.512M
KINGSMEN CREATIVES LTD (5MZ),4.90,0.03,0.5100,0.5400,0.5500,0.4900,0.6450,0.04,13.17,"41,351",108.762M
KITCHEN CULTURE HOLDINGS LTD. (5TI),,,0.1400,0.1400,0.1400,0.1400,0.1400,,,,
KLW HOLDINGS LTD (504),,,0.0050,0.0040,0.0050,0.0030,0.0070,,,"1,009,370",21.522M
KODA LTD (BJZ),1.41,0.01,0.7100,0.7100,0.7100,0.5900,0.8150,0.09,8.26,"4,229",58.585M
KOH BROTHERS ECO ENGG LIMITED (5HV),,,0.0350,0.0400,0.0430,0.0340,0.0874,,6.67,"19,720",62.565M
KOH BROTHERS GROUP LIMITED (K75),2.79,0.01,0.2150,0.2200,0.2250,0.2050,0.3400,0.016,14.06,"17,403",92.803M
KOON HOLDINGS LIMITED (5DL),,,0.0230,0.0220,0.0220,0.0220,0.0360,0.001,22.00,"4,327",5.788M
KOP LIMITED (5I1),,,0.0520,0.0440,0.0500,0.0420,0.0890,,,"22,789",55.398M
KORI HOLDINGS LIMITED (5VC),,,0.3300,0.3300,0.3400,0.1980,0.3450,,,615,32.736M
KOUFU GROUP LIMITED (VL6),3.49,0.02,0.6300,0.6300,0.6550,0.5850,0.7100,0.047,13.94,"501,012",363.632M
KOYO INTERNATIONAL LIMITED (5OC),,,0.0710,0.0700,0.0700,0.0550,0.0740,,17.50,"18,262",13.288M
KRISENERGY LTD. (SK3),,,0.0720,0.0660,0.0730,0.0660,0.1190,-0.106,,"9,969,751",99.188M
KS ENERGY LIMITED (578),,,0.0250,0.0190,0.0190,0.0130,0.0600,-0.082,,793,9.796M
KSH HOLDINGS LIMITED (ER0),4.27,0.02,0.5150,0.5100,0.5150,0.4900,0.7250,0.05,11.09,"45,765",290.565M
KTL GLOBAL LIMITED (EB7),,,0.0480,0.0480,0.0480,0.0110,0.0680,-0.050,,"71,503",15.152M
LAFE CORPORATION LIMITED (AYB),,,0.4150,0.4150,0.4150,0.4150,0.5500,-0.210,,0,10.513M
LASSETERS INTL HOLDINGS LTD (5EL),,,,,,,,,,,
LCT HOLDINGS LIMITED (BJL),,,0.3500,0.3100,0.3550,0.2700,0.5400,0.04,8.14,"10,159",12.336M
LEADER ENVIRONMENTAL TECH LTD (LS9),,,,,,,,,,,
LERENOBIO-CHEM (XCF),,,0.0000,0.0000,0.0000,N/A,N/A,,,0,0
LEY CHOON GROUP HLDG LIMITED (Q0X),,,0.0160,0.0140,0.0160,0.0140,0.0400,,3.20,"110,040",18.957M
LHN LIMITED (41O),,,0.1760,0.1600,0.1600,0.1520,0.2150,,,"33,059",64.391M
LHT HOLDINGS LIMITED (BEI),6.85,0.05,0.7300,0.6800,0.7300,0.6200,0.8300,0.06,10.62,"9,792",36.207M
LIAN BENG GROUP LTD (L03),4.46,0.02,0.5050,0.4950,0.5000,0.4450,0.6900,0.10,4.85,"356,578",249.844M
LIBRA GROUP LIMITED (5TR),,,0.0910,0.0900,0.0910,0.0700,0.1400,,,"83,543",19.41M
LIFEBRANDZ LTD. (1D3),,,0.0070,0.0050,0.0070,0.0050,0.0180,,,"482,796",3.757M
LINC ENERGY LTD (BRE),,,0.0890,0.0890,0.0890,0.0890,0.0890,,,,
LION ASIAPAC LTD (BAZ),1.06,0.01,0.4700,0.4700,0.4700,0.4600,0.5750,-0.00,,"7,310",38.119M
LIONGOLD CORP LTD (A78),,,0.0010,0.0010,0.0010,0.0010,0.0020,,,"7,711,957",8.698M
LONZA GROUP LTD (O6Z),,,N/A,N/A,N/A,79.97,79.97,,,0,
LORENZO INTERNATIONAL LIMITED (5IE),,,0.016,0.016,0.016,0.016,0.016,,,,
LOW KENG HUAT (SINGAPORE) LTD (F1E),3.74,0.02,0.5400,0.5350,0.5400,0.4800,0.7000,0.024,22.29,"13,221",395.267M
LTC CORPORATION LIMITED (L17),,,0.9200,0.9200,0.9200,0.8000,0.9500,0.01,61.33,409,143.937M
LUM CHANG HOLDINGS LIMITED (L19),5.22,0.02,0.3450,0.3450,0.3500,0.3200,0.3850,0.049,7.04,"72,643",131.268M
LUNG KEE (BERMUDA) HLDGS LTD (L09),6.95,0.04,0.6050,0.6000,0.6050,0.5500,0.7150,,,73,392.717M
LUXKING GROUP HOLDINGS LIMITED (BKK),,,0.5300,0.5300,0.5300,0.5300,0.5300,,,,
LUZHOU BIO-CHEM TECHNOLOGY LTD (L46),,,0.0160,0.0160,0.0160,0.0090,0.0320,-0.014,,"30,073",9.504M
LY CORPORATION LIMITED (1H8),,,0.2500,0.2400,0.2500,0.1850,0.3250,,14.71,"68,151",122.286M
M DEVELOPMENT LTD. (N14),,,0.0020,0.0020,0.0020,0.0020,0.0020,,,,
M1 LIMITED (B2F),5.85,0.12,2.0500,2.0500,2.0600,1.5100,2.1500,0.14,14.54,"1,591,903",1.899B
MAGNUS ENERGY GROUP LTD. (41S),,,0.0010,0.0010,0.0010,0.0010,0.0020,,,"276,600",12.633M
MALAYSIA SMELTING CORP BHD (NPW),,,0.2700,0.2700,0.2700,0.2100,0.2700,,270.00,571,
MANDARIN ORIENTAL INTL LTD (M04),1.50,0.03,2.0000,1.9600,2.0200,1.7000,2.7300,0.04,56.86,"163,439",2.511B
MANHATTAN RESOURCES LIMITED (L02),,,0.0270,0.0270,0.0270,0.0210,0.0817,0.007,3.86,"65,150",30.706M
MARCO POLO MARINE LTD. (5LY),,,0.0200,0.0190,0.0200,0.0190,0.0430,0.05,0.38,"1,078,668",70.407M
MARUWA CO. LTD (M12),,,,,,,,,,,
MARY CHIA HOLDINGS LIMITED (5OX),,,0.0390,0.0390,0.0390,0.0390,0.0390,,,"8,500",6.376M
MATEX INTERNATIONAL LIMITED (M15),,,0.0100,0.0100,0.0100,0.0100,0.0100,,,"30,000",2.674M
MAXI-CASH FIN SVCS CORP LTD (5UF),,,0.1350,0.1350,0.1350,0.1180,0.1610,,9.64,"68,156",139.747M
MDR LIMITED (A27),11.52,0.00,0.0020,0.0010,0.0020,0.0010,0.0038,0.000,,"4,854,395",64.933M
MEDINEX LIMITED (OTX),,,0.2850,0.2850,0.2850,0.2600,0.3050,,,"89,548",37.394M
MEDTECS INTERNATIONAL CORP LTD (546),,,0.0280,0.0280,0.0280,0.0270,0.0470,,14.00,"19,590",15.384M
MEGACHEM LIMITED (5DS),,,0.3400,0.3400,0.3500,0.3200,0.3500,,,"5,000",45.322M
MEGHMANI ORGANICS LIMITED (M30),0.66,0.00,0.6000,0.6000,0.6000,0.5150,1.0200,0.06,9.38,406,264.007M
MEGROUP LTD. (SJY),,,0.2050,0.1210,0.2050,0.1210,0.2250,,,"3,153",24.293M
MEMORIES GROUP LIMITED (1H4),,,0.1050,0.1050,0.1050,0.0990,0.2700,,,"12,092",52.675M
MEMSTAR TECHNOLOGY LTD. (5MS),,,,,,,,,,,
MEMTECH INTERNATIONAL LTD (BOL),2.91,0.03,1.0300,1.0400,1.1400,0.6450,1.9200,0.07,16.09,"101,485",155.49M
MENCAST HOLDINGS LTD. (5NF),,,0.0850,0.0830,0.0840,0.0520,0.1090,-0.019,,"533,734",35.777M
MERCATOR LINES (SINGAPORE) LTD (EE6),,,,,,,,,,,
MERCURIUS CAP INVESTMENT LTD (5RF),,,0.0300,0.0300,0.0300,0.0180,0.0380,,,"262,484",21.445M
MERMAID MARITIME PUBLIC CO LTD (DU4),,,0.0880,0.0840,0.0880,0.0840,0.1610,-0.009,,"1,778,046",118.72M
METAL COMPONENT ENGG LTD (5DX),,,0.0270,0.0230,0.0250,0.0200,0.0410,,,"32,300",8.605M
METECH INTERNATIONAL LTD (V3M),,,0.0990,0.0990,0.0990,0.0370,0.2000,,,"48,926",8.914M
METRO HOLDINGS LIMITED (M01),2.00,0.02,1.0000,0.9950,1.0000,0.9500,1.2000,0.051,19.51,"97,670",823.896M
MEWAH INTERNATIONAL INC. (MV4),2.58,0.01,0.2600,0.2600,0.2600,0.2200,0.3000,0.01,20.00,"54,371",390.174M
MFG INTEGRATION TECHNOLOGY LTD (M11),2.99,0.01,0.3300,0.3300,0.3350,0.2800,0.3700,-0.001,,"162,412",78.362M
MICRO-MECHANICS (HOLDINGS) LTD (5DD),4.71,0.08,1.7000,1.7000,1.7200,1.5700,2.2300,0.11,15.13,"15,000",237.745M
MIDAS HLDGS LIMITED (5EN),,,,,,,,,,,
MINDCHAMPS PRESCHOOL LIMITED (CNE),,,0.6250,0.6300,0.6500,0.4950,0.8750,0.03,24.62,"37,721",154.624M
MIRACH ENERGY LIMITED (AWO),,,0.1370,0.1340,0.1380,0.0330,0.1470,0.000,,"2,322,560",28.021M
MIYOSHI LIMITED (M03),,,0.0430,0.0440,0.0440,0.0410,0.0770,,7.33,"121,778",26.735M
MM2 ASIA LTD. (1B0),,,0.2900,0.2900,0.3100,0.2600,0.5300,0.02,15.00,"863,467",348.84M
MMP RESOURCES LIMITED (F3V),,,0.0040,0.0040,0.0050,0.0020,0.0080,-0.001,,"5,227,062",9.374M
MONEYMAX FINANCIAL SERVICESLTD (5WJ),,,0.1490,0.1480,0.1580,0.1300,0.1850,,6.77,"11,076",52.716M
MOYA HOLDINGS ASIA LIMITED (5WE),,,0.0780,0.0760,0.0780,0.0630,0.1060,,15.40,"2,472,581",323.646M
MS HOLDINGS LIMITED (40U),,,0.0600,0.0600,0.0600,0.0460,0.1175,,,1,9.947M
MSM INTERNATIONAL LIMITED (5QR),,,,,,,,,,,
MTQ CORPORATION LIMITED (M05),,,0.1890,0.1800,0.1890,0.1770,0.3145,-0.111,,"9,131",40.884M
MULTI-CHEM LIMITED (AWZ),5.73,0.04,0.7300,0.7300,0.7800,0.6600,1.0400,0.06,12.58,"3,339",70.274M
MUN SIONG ENGINEERING LIMITED (MF6),3.19,0.00,0.0480,0.0480,0.0480,0.0220,0.0500,-0.007,,"10,831",27.779M
MURATA MFG CO. LTD 100 (M20),,,N/A,N/A,N/A,N/A,N/A,,,,
MYP LTD. (F86),,,0.1220,0.1220,0.1220,0.1220,0.2300,0.001,122.00,"3,150",194.281M
NAM CHEONG LIMITED (N4E),,,0.0070,0.0070,0.0080,0.0050,0.0260,0.006,1.17,"3,259,006",50.01M
NAM LEE PRESSED METAL INDS LTD (G0I),5.56,0.02,0.3600,0.3600,0.3600,0.3550,0.4000,0.04,9.00,"92,835",87.316M
NATURAL COOL HOLDINGS LIMITED (5IF),,,0.0710,0.0600,0.0700,0.0500,0.0900,,,"3,298",17.531M
NAUTICAWT LIMITED (42D),,,0.0120,0.0120,0.0130,0.0120,0.0180,,,0,2.548M
NEO GROUP LIMITED (5UJ),,,0.4250,0.4250,0.4250,0.3800,0.6300,,18.48,"4,012",62.624M
NERATELECOMMUNICATIONS LTD (N01),7.02,0.02,0.2850,0.2850,0.3050,0.2600,0.3850,0.02,12.50,"58,042",108.569M
NET PACIFIC FIN HLDGS LTD (5QY),,,0.0210,0.0190,0.0210,0.0190,0.0410,,10.50,"10,534",11.038M
NETLINK NBN TRUST (CJLU),7.10,0.06,0.8000,0.7950,0.8000,0.7300,0.8250,0.02,34.78,"4,809,903",3.118B
NEW SILKROUTES GROUP LIMITED (BMT),,,0.2300,0.2400,0.2450,0.2100,0.3850,-0.02,,"22,443",49.893M
NEW TOYO INT HLDGS LTD (N08),6.96,0.02,0.2300,0.2300,0.2300,0.1880,0.2700,0.01,32.86,"10,159",101.068M
NEW WAVE HOLDINGS LTD. (5FX),,,0.0070,0.0070,0.0080,0.0050,0.0180,,8.00,"59,867",13.82M
NGSC LIMITED (B07),,,0.0020,0.0010,0.0010,0.0010,0.0020,-0.005,,"44,076",6.425M
NICO STEEL HOLDINGS LIMITED (5GF),,,0.0040,0.0050,0.0060,0.0010,0.0090,0.000,,"3,627,539",24.811M
NIPPECRAFT LIMITED (N32),,,0.0350,0.0350,0.0350,0.0310,0.0490,,,"11,184",12.299M
NO SIGNBOARD HOLDINGS LTD. (1G6),,,0.1020,0.1000,0.1010,0.1000,0.2500,,5.56,"150,392",46.239M
NOBLE GROUP LIMITED (CGP),,,,,,,,,,,
NOEL GIFTS INTERNATIONAL LTD (543),1.50,0.00,0.2000,0.2000,0.2000,0.1930,0.2450,0.02,10.00,"12,370",20.495M
"NOMURA HOLDINGS, INC (N33)",,,N/A,N/A,N/A,N/A,N/A,,,,
NORDIC GROUP LIMITED (MR7),4.79,0.02,0.3450,0.3150,0.3450,0.3150,0.5900,0.029,11.90,"38,006",135.419M
NSL LTD. (N02),4.27,0.05,1.1500,1.1400,1.1400,0.9800,1.4200,-0.01,,"7,787",425.856M
NTEGRATOR INTERNATIONAL LTD (5HC),,,0.0070,0.0060,0.0070,0.0060,0.0130,,,"171,350",7.458M
NUTRYFARM INTERNATIONAL LTD (AZT),,,0.1670,0.1960,0.1960,0.0720,0.3250,-0.024,,"17,296",18.899M
OCEAN SKY INTERNATIONAL LTD (1B6),,,0.0440,0.0440,0.0530,0.0300,0.1030,,3.67,"8,026",18.946M
OCEANUS GROUP LIMITED (579),,,0.0030,0.0030,0.0050,0.0030,0.0100,0.002,2.00,"1,271,901",97.188M
OEL (HOLDINGS) LIMITED (584),,,0.0060,0.0060,0.0060,0.0050,0.0100,,,"243,479",4.01M
OKH GLOBAL LTD. (S3N),,,0.0190,0.0190,0.0200,0.0160,0.0550,0.00,20.00,"62,121",22.573M
OKP HOLDINGS LIMITED (5CF),3.50,0.01,0.2100,0.2100,0.2100,0.1850,0.3650,0.02,10.00,"15,692",64.771M
OLAM INTERNATIONAL LIMITED (O32),4.04,0.08,1.9800,1.9600,2.0300,1.5700,2.5000,0.09,22.09,"584,793",6.397B
OLD CHANG KEE LTD. (5ML),,,0.7650,0.7600,0.7650,0.7350,0.8050,,23.18,"1,751",92.852M
OLIVE TREE ESTATES LIMITED (1H2),,,0.1370,0.1370,0.1370,0.1200,0.2400,,,54,9.432M
ONEAPEX LIMITED (5SY),,,0.2200,0.2200,0.2200,0.2100,0.2200,,,0,18.59M
ORIENTAL GROUP LTD. (5FI),,,,,,,,,,,
OSSIA INTERNATIONAL LTD (O08),10.00,0.01,0.1000,0.0830,0.1000,0.0530,0.1460,0.02,4.76,"5,246",25.263M
OUE LIMITED (LJ3),1.20,0.02,1.6600,1.6600,1.6800,1.3600,1.9400,0.01,152.73,"202,693",1.515B
OUE LIPPO HEALTHCARE LTD (5WA),,,0.0610,0.0600,0.0600,0.0520,0.1225,,,"54,796",266.588M
OUHUA ENERGY HOLDINGS LIMITED (AJ2),,,0.0500,0.0410,0.0500,0.0310,0.0590,0.01,3.33,"3,056",19.164M
OVERSEA-CHINESE BANKING CORP (O39),4.14,0.46,11.10,11.12,11.26,10.36,14.04,1.06,10.59,"4,304,914",47.802B
OVERSEAS EDUCATION LIMITED (RQ1),8.87,0.03,0.3100,0.3100,0.3200,0.2700,0.3800,0.017,18.53,"241,785",130.84M
OXLEY HOLDINGS LIMITED (5UX),4.55,0.01,0.3300,0.3250,0.3300,0.2800,0.5700,0.055,5.91,"2,314,200",1.339B
P5 CAPITAL HOLDINGS LTD. (5AI),,,0.0100,0.0100,0.0100,0.0030,0.0300,,,"4,790",5.575M
PACC OFFSHORE SVCS HLDG LTD. (U6C),,,0.1840,0.1800,0.1850,0.1700,0.3900,-0.054,,"114,404",330.188M
PACIFIC ANDES RESOURCES DEVLTD (P11),,,,,,,,,,,
PACIFIC CENTURY REGIONAL DEVTS (P15),5.71,0.02,0.3850,0.4150,0.4500,0.3500,0.4500,0.02,22.63,"61,318",1.139B
PACIFIC RADIANCE LTD. (T8V),,,,,,,,,,,
PACIFIC STAR DEVELOPMENT LTD (1C5),,,0.0990,0.0980,0.0990,0.0710,0.2500,,5.82,695,49.466M
PAN ASIAN HOLDINGS LIMITED (5EW),,,0.0100,0.0100,0.0100,0.0040,0.0430,,,"49,518",2.142M
PAN HONG HOLDINGS GROUP LTD (P36),16.67,0.01,0.0900,0.0700,0.0890,0.0700,0.1200,-0.002,,"4,312",45.596M
"PAN OCEAN CO., LTD. (AZY)",,,5.55,5.55,5.55,5.50,6.23,0.26,21.35,37,2.783B
PAN-UNITED CORPORATION LTD (P52),3.33,0.01,0.2400,0.2400,0.2400,0.2250,0.4050,0.01,24.00,"46,675",168.213M
PARKSON RETAIL ASIA LIMITED (O9E),,,0.0200,0.0200,0.0230,0.0150,0.0670,-0.06,,"24,673",13.546M
PAVILLON HOLDINGS LTD. (596),,,0.0160,0.0160,0.0170,0.0090,0.0410,-0.029,,"3,220",6.204M
PCI LIMITED (P19),2.29,0.03,1.3100,1.3100,1.3100,0.7400,1.3100,0.08,16.17,"165,445",260.82M
PEC LTD. (IX2),3.54,0.02,0.5650,0.5650,0.5650,0.5400,0.6500,0.048,11.77,"36,510",144.055M
PENGUIN INTERNATIONAL LIMITED (BTM),1.30,0.00,0.3500,0.3500,0.3500,0.2600,0.4000,0.06,5.65,"153,514",77.059M
PERENNIAL REAL ESTATE HLDGSLTD (40S),0.60,0.00,0.6650,0.6500,0.6600,0.5950,0.8850,0.047,13.94,"49,171",1.088B
PHARMESIS INTERNATIONAL LTD. (BFK),,,0.2300,0.2300,0.2300,0.1570,0.4000,-0.02,,898,5.29M
PINE CAPITAL GROUP LIMITED (ADJ),,,0.0010,0.0010,0.0020,0.0010,0.0030,,,"12,949,170",13.286M
PLASTOFORM HOLDINGS LIMITED (AYD),,,0.0100,0.0100,0.0110,0.0100,0.0280,-0.24,,"8,002","400,461"
PLATO CAPITAL LIMITED (5PI),,,0.0530,0.0530,0.0530,0.0500,0.1500,,1.56,"1,728",10.319M
PNE INDUSTRIES LTD (BDA),6.33,0.05,0.7900,0.7850,0.7850,0.7850,1.0700,0.063,12.46,"2,681",65.875M
POLARIS LTD. (5BI),,,0.0020,0.0030,0.0030,0.0020,0.0050,,,"262,357",51.16M
POLLUX PROPERTIES LTD. (5AE),,,0.0250,0.0220,0.0230,0.0200,0.0520,,0.62,"12,221",63.468M
POWERMATIC DATA SYSTEMS LTD (BCY),3.29,0.05,1.5200,1.5200,1.6300,1.3900,2.6400,0.14,10.94,"1,543",53.129M
PROCURRI CORPORATION LIMITED (BVQ),,,0.3150,0.3100,0.3150,0.1800,0.3450,0.02,16.32,"316,067",88.911M
PROGEN HOLDINGS LTD (583),,,0.0450,0.0450,0.0450,0.0390,0.0750,,,"6,859",17.573M
PROPNEX LIMITED (OYY),2.65,0.01,0.5650,0.5600,0.5750,0.4550,0.7900,0.052,10.87,"301,362",209.05M
PRUDENTIAL PLC (K6S),2.83,0.64,22.50,22.50,22.50,22.50,22.85,1.15,19.57,14,53.161B
PS GROUP HOLDINGS LTD. (5WD),,,,,,,,,,,
PSL HOLDINGS LTD (BLL),,,0.0910,0.0910,0.0910,0.0910,0.2450,-0.083,,"3,495",5.068M
PT BERLIAN LAJU TANKER TBK (B66),,,N/A,N/A,N/A,0.03,0.03,,,,
Q & M DENTAL GROUP (S) LIMITED (QC7),1.73,0.01,0.4750,0.4650,0.4750,0.4450,0.6450,0.020,23.25,"227,734",365.31M
QAF LTD (Q01),6.76,0.05,0.7400,0.7300,0.7450,0.5550,1.0800,0.014,52.50,"308,650",422.822M
QIAN HU CORPORATION LIMITED (BCV),1.41,0.00,0.1420,0.1420,0.1550,0.1420,0.2500,0.004,35.50,"16,317",16.121M
QINGMEI GROUP HOLDINGS LIMITED (KT9),,,,,,,,,,,
QT VASCULAR LTD. (5I0),,,0.0070,0.0070,0.0080,0.0060,0.0190,,1.17,"2,824,062",14.648M
RAFFLES EDUCATION CORP LTD (NR7),,,0.0920,0.0900,0.0910,0.0770,0.2300,0.00,90.00,"191,760",124.079M
RAFFLES INFRASTRUCTUREHLDGSLTD (LUY),,,0.3800,0.2750,0.3750,0.1900,0.4600,-0.177,,"3,203",25.482M
RAFFLES MEDICAL GROUP LTD (BSL),2.06,0.02,1.0900,1.0900,1.1000,0.9800,1.2100,0.04,27.25,"947,876",1.959B
RAFFLES UNITED HOLDINGS LTD. (K22),,,0.0470,0.0470,0.0470,0.0460,0.2100,0.008,5.87,"3,106",11.001M
RAMBA ENERGY LIMITED (R14),,,0.0870,0.0910,0.0920,0.0600,0.1190,-0.022,,"120,140",58.865M
RE&S HOLDINGS LIMITED (1G1),,,0.2000,0.1800,0.2000,0.1600,0.2450,,16.67,"12,845",70.8M
REGAL INTERNATIONAL GROUP LTD. (UV1),,,0.0420,0.0430,0.0430,0.0340,0.1500,-0.003,,"21,626",9.671M
RENEWABLE ENERGY ASIA GRP LTD (5DW),,,,,,,,,,,
RESOURCES PRIMA GROUP LIMITED (5MM),,,,,,,,,,,
REX INTERNATIONAL HOLDING LTD (5WH),,,0.0840,0.0780,0.0840,0.0400,0.1190,,,"37,726,581",103.298M
RH PETROGAS LIMITED (T13),,,0.0510,0.0500,0.0570,0.0440,0.1000,0.005,10.80,"52,334",39.651M
RHT HEALTH TRUST (RF1U),320.00,0.05,0.0170,0.0170,0.0180,0.0130,0.8100,0.020,0.90,"13,290,604",14.605M
RICH CAPITAL HOLDINGS LIMITED (5G4),,,0.0040,0.0020,0.0030,0.0020,0.0130,,,"8,320,928",14.685M
RIVERSTONE HOLDINGS LIMITED (AP4),2.12,0.02,1.1100,1.1000,1.1100,0.9600,1.2400,0.04,25.81,"155,759",822.603M
ROXY-PACIFIC HOLDINGS LIMITED (E8Z),2.22,0.01,0.4050,0.3900,0.3900,0.3750,0.5400,0.02,21.67,"12,985",508.552M
RYOBI KISO HOLDINGS LTD. (BDN),,,,,,,,,,,
SAKAE HOLDINGS LTD. (5DO),,,0.1500,0.1500,0.1500,0.1200,0.3000,0.02,8.33,234,20.921M
SAMKO TIMBER LIMITED (E6R),,,0.0210,0.0250,0.0250,0.0180,0.0410,0.004,6.25,"69,012",59.429M
SAMUDERA SHIPPING LINE LTD (S56),4.39,0.01,0.1710,0.1710,0.1780,0.1570,0.2400,0.015,11.40,"11,090",92.005M
SAMURAI 2K AEROSOL LIMITED (1C3),,,0.9000,0.8300,0.9000,0.8300,1.8100,,31.07,"12,368",95.631M
SAN TEH LIMITED (S46),2.00,0.00,0.1550,0.1500,0.1550,0.1420,0.2350,-0.026,,"15,000",53.014M
SANLI ENVIRONMENTAL LIMITED (1E3),,,0.2300,0.1960,0.2300,0.1600,0.4000,,19.17,"10,414",61.791M
SANTAK HOLDINGS LIMITED (580),,,0.0930,0.0930,0.0930,0.0480,0.1200,,3.32,925,10.005M
SAPPHIRE CORPORATION LIMITED (BRD),0.80,0.00,0.1250,0.1160,0.1240,0.1110,0.2250,0.020,6.20,"37,829",40.433M
SARINE TECHNOLOGIES LTD (U77),10.49,0.04,0.3900,0.3800,0.3950,0.3800,1.3100,0.022,17.50,"561,373",134.979M
SATS LTD. (S58),3.53,0.18,5.10,5.12,5.17,4.55,5.64,0.23,21.91,"1,553,600",5.739B
SBI OFFSHORE LIMITED (5PL),,,0.0550,0.0540,0.0540,0.0430,0.1000,,,"17,628",13.483M
SBS TRANSIT LTD (S61),4.03,0.14,3.5200,3.5300,3.6300,2.4100,3.6300,0.26,14.05,"61,190",1.126B
SECOND CHANCE PROPERTIES LTD (528),1.33,0.00,0.2250,0.2250,0.2250,0.2150,0.2550,0.008,28.12,"50,220",169.882M
SECURA GROUP LIMITED (43B),,,0.0700,0.0700,0.0700,0.0600,0.1030,,,"71,396",28M
SEMBCORP INDUSTRIES LTD (U96),1.53,0.04,2.6100,2.6000,2.6500,2.4300,3.2800,0.17,15.68,"2,750,952",4.729B
SEMBCORP MARINE LTD (S51),1.17,0.02,1.7000,1.6900,1.7300,1.4900,2.3500,-0.04,,"5,092,284",3.592B
SEN YUE HOLDINGS LIMITED (5BS),,,0.0210,0.0210,0.0210,0.0130,0.0360,,10.50,"40,900",18.15M
SERIAL SYSTEM LTD (S69),9.45,0.01,0.0910,0.0840,0.0960,0.0780,0.1730,0.020,4.55,"57,420",81.522M
SEROJA INVESTMENTS LIMITED (IW5),,,0.0200,0.0200,0.0200,0.0140,0.0540,0.00,10.00,"15,335",7.808M
SERRANO LIMITED (40R),,,,,,,,,,,
SEVAK LIMITED (BAI),,,3.5000,3.4000,3.5000,2.4000,4.0800,0.31,11.40,"2,203",41.479M
SHANGHAI TURBO ENTERPRISES LTD (AWM),,,0.9900,0.9900,0.9900,0.9900,1.5600,,,891,27.194M
SHANGRI-LA ASIA LIMITED (S07),1.43,0.16,11.20,11.40,11.44,9.68,18.26,0.07,163.43,"4,904",41.553B
SHENG SIONG GROUP LTD (OV8),3.21,0.04,1.0900,1.0800,1.1000,0.9250,1.1900,0.05,23.19,"1,025,212",1.639B
SHINVEST HOLDING LTD. (BJW),4.11,0.03,0.7300,0.7300,0.7300,0.4900,0.8600,0.10,7.16,"3,107",21.831M
SHOPPER360 LIMITED (1F0),,,0.1440,0.1440,0.1480,0.1440,0.2400,,10.29,"6,065",16.474M
SHS HOLDINGS LTD. (566),1.03,0.00,0.1950,0.1870,0.1960,0.1800,0.2500,-0.017,,"176,639",134.285M
SIA ENGINEERING CO LTD (S59),4.98,0.12,2.4100,2.3800,2.4200,2.2000,3.3500,0.15,16.33,"567,131",2.686B
SIIC ENVIRONMENT HOLDINGS LTD. (BHK),2.67,0.01,0.3850,0.3650,0.3850,0.2200,0.5450,0.03,11.56,"391,001",964.438M
SILKROAD NICKEL LTD. (STP),,,0.4450,0.4450,0.4450,0.2600,0.5900,,,"105,262",56.561M
SILVERLAKE AXIS LTD (5CP),2.81,0.02,0.5700,0.5650,0.5800,0.3900,0.5800,0.015,38.33,"4,392,525",1.521B
SIM LEISURE GROUP LTD. (URR),,,0.1690,0.1700,0.1900,0.1700,0.1900,,,,
SIN GHEE HUAT CORPORATION LTD. (B7K),1.22,0.00,0.2450,0.2300,0.2450,0.2100,0.2700,0.008,30.62,"5,487",54.39M
SIN HENG HEAVY MACHINERY LTD (BKA),8.11,0.03,0.2850,0.2800,0.2850,0.2800,0.5800,-0.057,,"7,996",32.494M
SINARMAS LAND LIMITED (A26),0.80,0.00,0.2550,0.2500,0.2550,0.2200,0.3950,0.03,8.93,"59,778",1.064B
SINCAP GROUP LIMITED (5UN),,,0.0090,0.0090,0.0090,0.0080,0.0180,,3.00,"182,692",15.309M
SING HOLDINGS LIMITED (5IC),2.67,0.01,0.3750,0.3750,0.3850,0.3550,0.4600,0.03,11.18,"73,901",152.378M
SING INVESTMENTS & FINANCE LTD (S35),4.58,0.07,1.5200,1.5300,1.5300,1.4100,1.6100,0.15,10.07,"8,964",241.168M
SINGAPORE AIRLINES LTD (C6L),3.85,0.38,9.86,9.84,9.97,9.14,11.84,0.30,33.57,"1,233,795",11.801B
SINGAPORE EDEVELOPMENT LTD (40V),,,0.0350,0.0310,0.0380,0.0280,0.0590,,,"55,439",34.145M
SINGAPORE EXCHANGE LIMITED (S68),3.80,0.30,7.89,7.88,8.00,6.72,8.00,0.35,23.12,"1,979,848",8.561B
SINGAPORE KITCHEN EQUIPMENTLTD (5WG),,,0.0770,0.0810,0.1130,0.0770,0.1500,,,"10,852",17.05M
SINGAPORE MEDICAL GROUP LTD (5OT),,,0.4500,0.4550,0.4650,0.3800,0.5550,,19.78,"346,010",218.729M
SINGAPORE MYANMAR INVESTCO LTD (Y45),,,0.1500,0.1400,0.1500,0.1310,0.3900,-0.03,,"56,807",42.42M
SINGAPORE O&G LTD. (1D8),,,0.3500,0.3500,0.3500,0.3200,0.3850,,18.42,"147,026",166.881M
SINGAPORE POST LIMITED (S08),2.00,0.02,1.0000,0.9950,1.0100,0.8850,1.4000,0.05,20.41,"2,969,209",2.251B
SINGAPORE PRESS HLDGS LTD (T39),2.43,0.06,2.4700,2.4500,2.4900,2.3100,2.9200,0.17,14.59,"3,412,477",4.001B
SINGAPORE REINSURANCE COR LTD (S49),4.56,0.01,0.2850,0.2850,0.2900,0.2750,0.3300,0.01,19.33,"33,406",175.514M
SINGAPORE SHIPPING CORP LTD (S19),3.45,0.01,0.2900,0.2900,0.2900,0.2750,0.3050,0.02,12.61,"69,725",124.142M
SINGAPORE TECH ENGINEERING LTD (S63),4.02,0.15,3.7300,3.7100,3.7700,3.2100,3.7900,0.16,23.80,"3,404,610",11.721B
SINGAPURA FINANCE LTD (S23),2.19,0.02,0.9150,0.9150,0.9200,0.8700,1.0500,0.05,18.78,"9,895",145.991M
SINGHAIYI GROUP LTD. (5H0),3.26,0.00,0.0930,0.0930,0.0930,0.0750,0.1010,0.006,15.50,"1,318,429",392.529M
SINGTEL (Z74),4.55,0.14,2.9900,2.9800,3.0000,2.8300,3.5800,0.19,15.90,"16,029,052",48.803B
SINJIA LAND LIMITED (5HH),,,0.0080,0.0080,0.0090,0.0060,0.0500,,,"8,143",1.417M
SINO GRANDNESS FOOD IND GP LTD (T4B),,,0.0590,0.0570,0.0650,0.0330,0.2550,0.051,1.12,"2,582,225",55.826M
SINO TECHFIBRE LIMITED (AD8),,,,,,,,,,,
SINOCLOUD GROUP LIMITED (5EK),,,0.0010,0.0010,0.0010,0.0010,0.0020,,,15,14.311M
SINOPIPE HOLDINGS LIMITED (X06),,,,,,,,,,,
SINOSTAR PEC HOLDINGS LIMITED (C9Q),2.78,0.01,0.1800,0.1730,0.1730,0.1490,0.2350,0.019,9.11,"8,075",110.72M
SINWA LIMITED (5CN),4.17,0.01,0.3000,0.2950,0.3000,0.1900,0.3100,0.030,9.83,"238,235",100.618M
SITRA HOLDINGS (INTL) LIMITED (5LE),,,0.0090,0.0080,0.0090,0.0060,0.0110,,,"319,500",6.761M
SK JEWELLERY GROUP LIMITED (42G),,,0.1010,0.1010,0.1120,0.0920,0.1800,,7.21,"6,757",56.812M
SLB DEVELOPMENT LTD. (1J0),,,0.1440,0.1440,0.1450,0.1280,0.2600,,6.55,"296,179",131.472M
SMJ INTERNATIONAL HOLDINGSLTD. (40B),,,0.0820,0.0820,0.0830,0.0820,0.1300,,82.00,"2,593",6.396M
SOILBUILD CONSTRUCTION GRP LTD (S7P),,,0.1000,0.1000,0.1000,0.0630,0.1600,-0.00,,"70,707",67.299M
SOON LIAN HOLDINGS LIMITED (5MD),,,0.0800,0.0800,0.0800,0.0710,0.0810,,,"1,720",8.64M
SOUP RESTAURANT GROUP LIMITED (5KI),3.05,0.01,0.1640,0.1650,0.1650,0.1300,0.1890,0.008,20.62,"31,525",46.191M
SOUTHERN PACKAGING GROUP LTD (BQP),0.90,0.00,0.4000,0.4000,0.4000,0.3000,0.9000,0.03,12.50,73,28.128M
SP CORPORATION LIMITED (AWE),,,0.6600,0.6600,0.6600,0.4450,0.8950,0.05,12.22,"2,034",23.165M
SPACKMAN ENTERTAINMENT GRP LTD (40E),,,0.0230,0.0230,0.0260,0.0210,0.0940,,,"10,498,817",25.774M
SPINDEX INDUSTRIES LIMITED (564),3.33,0.03,0.9000,0.9000,0.9000,0.7900,0.9500,0.14,6.21,414,103.828M
SRI TRANG AGRO-INDUSTRY PCL (NC2),,,0.6900,0.6000,0.6450,0.4450,0.7750,,,"11,385",768M
STAMFORD LAND CORPORATION LTD (H07),2.02,0.01,0.4950,0.4950,0.4950,0.4550,0.5150,0.079,6.27,"323,389",410.368M
STAMFORD TYRES CORPORATIONLTD (S29),3.51,0.01,0.2850,0.3000,0.3000,0.2500,0.3600,0.01,37.50,"24,906",70.856M
STAR PHARMACEUTICAL LIMITED (AYL),,,0.1700,0.1580,0.1700,0.1140,0.1780,-0.062,,"9,100",7.321M
STARBURST HOLDINGS LIMITED (40D),,,0.3900,0.3600,0.3800,0.3150,0.4350,,,"18,340",92.158M
STARHUB LTD (CC3),10.06,0.16,1.5900,1.5800,1.6000,1.5700,2.5000,0.11,14.20,"2,401,084",2.751B
STARLAND HOLDINGS LIMITED (5UA),,,0.1050,0.1050,0.1050,0.0460,0.1230,,21.00,"3,971",15.197M
STRACO CORPORATION LIMITED (S85),3.29,0.03,0.7600,0.7700,0.7850,0.6800,0.8400,0.048,16.35,"29,517",675.613M
STRAITS TRADING CO. LTD (S20),2.78,0.06,2.1600,2.1500,2.1700,1.9600,2.3300,0.16,13.73,"19,095",884.859M
SUNMOON FOOD COMPANY LIMITED (AAJ),,,0.0370,0.0360,0.0360,0.0300,0.0790,-0.004,,"238,400",25.681M
SUNNINGDALE TECH LTD (BHQ),5.14,0.07,1.4600,1.4000,1.4500,1.2100,2.0800,0.14,10.00,"405,293",266.906M
SUNPOWER GROUP LTD. (5GD),0.20,0.00,0.5950,0.5900,0.6150,0.2700,0.6450,0.01,49.17,"3,216,446",450.114M
SUNRIGHT LTD (S71),0.59,0.00,0.5050,0.4800,0.5050,0.3500,1.1300,0.05,8.73,"22,128",58.947M
SUNRISE SHARES HOLDINGS LTD. (581),,,0.0170,0.0170,0.0170,0.0120,0.0700,,,46,3.032M
SUNTAR ECO-CITY LIMITED (BKZ),,,0.1200,0.1200,0.1200,0.1200,0.1500,-0.05,,0,7.531M
SUNVIC CHEMICAL HOLDINGS LTD (A7S),,,0.0220,0.0220,0.0220,0.0160,0.0680,-0.040,,970,11.704M
SUTL ENTERPRISE LIMITED (BHU),3.08,0.02,0.6250,0.6250,0.6350,0.5550,0.8500,0.067,9.33,"6,645",54.038M
SWEE HONG LIMITED (QF6),,,0.0060,0.0040,0.0060,0.0030,0.0140,0.000,,"3,396,162",15.161M
SWIBER HOLDINGS LIMITED (BGK),,,,,,,,,,,
SWING MEDIA TECHNOLOGY GRP LTD (BEV),,,,,,,,,,,
SWISSCO HOLDINGS LIMITED (ADP),,,N/A,N/A,N/A,N/A,N/A,,,,
SYNAGIE CORPORATION LTD. (V2Y),,,0.0770,0.0630,0.0660,0.0630,0.2850,,,"56,837",16.487M
SYSMA HOLDINGS LIMITED (5UO),,,0.1460,0.1480,0.1510,0.1400,0.1670,,4.77,"19,820",37.348M
TA CORPORATION LTD (PA3),4.65,0.01,0.2150,0.1870,0.2150,0.1850,0.2800,-0.029,,"9,473",111.385M
TAI SIN ELECTRIC LIMITED (500),6.82,0.02,0.3300,0.3250,0.3300,0.3000,0.4100,0.030,10.83,"51,973",141.543M
TALKMED GROUP LIMITED (5G3),,,0.5600,0.5650,0.5800,0.5350,0.7300,,26.14,"8,981",755.717M
TAT SENG PACKAGING GROUP LTD (T12),4.72,0.03,0.6300,0.6200,0.6300,0.5800,0.8200,0.12,5.12,"12,948",99.036M
TECHCOMP (HOLDINGS) LIMITED (T43),,,0.1250,0.1250,0.1250,0.1250,0.5650,0.003,41.67,0,34.43M
TECHNICS OIL & GAS LIMITED (5CQ),,,,,,,,,,,
TECKWAH INDUSTRIAL CORP LTD (561),3.61,0.01,0.4150,0.4150,0.4200,0.4150,0.4800,0.03,14.00,"30,414",98.091M
TEE INTERNATIONAL LIMITED (M1Z),,,0.1000,0.0970,0.0990,0.0970,0.1872,-0.014,,"2,553,999",64.041M
TEE LAND LIMITED (S9B),2.35,0.00,0.1820,0.1750,0.1830,0.1420,0.1990,-0.001,,"81,854",80.885M
TEHO INTERNATIONAL INC LTD. (5OQ),,,0.0350,0.0300,0.0450,0.0040,0.0570,,,"1,690",10.658M
TELECHOICE INTERNATIONAL LTD (T41),4.55,0.01,0.2200,0.2200,0.2200,0.2100,0.2700,0.01,24.44,"15,446",99.965M
THAI BEVERAGE PUBLIC CO LTD (Y92),2.52,0.02,0.8150,0.7900,0.8150,0.5750,0.8800,0.022,36.14,"24,985,322",19.965B
THAKRAL CORPORATION LTD (AWI),8.89,0.04,0.4500,0.4250,0.4500,0.3550,0.5600,0.07,6.34,"8,725",58.887M
THE HOUR GLASS LIMITED (AGS),3.05,0.02,0.6550,0.6500,0.6500,0.6150,0.6950,0.09,7.14,"68,285",458.258M
THE PLACE HOLDINGS LIMITED (E27),,,0.0150,0.0150,0.0150,0.0140,0.0420,0.000,,"349,006",88.21M
THE STRATECH GROUP LIMITED (BRR),,,,,,,,,,,
THE TRENDLINES GROUP LTD. (42T),,,0.0930,0.0900,0.0930,0.0890,0.1360,,11.25,"210,229",54.787M
THOMSON MEDICAL GROUP LIMITED (A50),0.32,0.00,0.0790,0.0780,0.0800,0.0720,0.1290,0.000,,"17,365,534",2.035B
TIANJIN ZHONG XIN PHARM GROUP (T14),3.30,0.03,0.9150,0.9150,0.9300,0.8050,1.2900,0.102,9.07,"261,125",711.208M
TIH LIMITED (T55),,,0.2850,0.2750,0.2800,0.1000,0.4950,-0.049,,"14,154",66.464M
TIONG SENG HOLDINGS LIMITED (BFI),5.77,0.01,0.2550,0.2500,0.2550,0.2500,0.4100,0.02,12.50,"25,062",111.196M
TIONG WOON CORP HOLDING LTD (BQM),,,0.2750,0.2750,0.2900,0.2600,0.3600,0.02,15.56,"33,059",65.026M
TLV HOLDINGS LIMITED (42L),,,0.0910,0.0910,0.0920,0.0850,0.0990,,15.33,"11,039",51.465M
TOP GLOBAL LIMITED (BHO),,,0.1600,0.1520,0.1600,0.1500,0.2750,-0.01,,442,51.503M
TOP GLOVE CORPORATION BHD (BVA),1.87,0.03,1.5100,1.4900,1.5000,1.4900,2.2500,0.04,34.65,"18,228",3.729B
TOSEI CORPORATION (S2D),,,,,,,,,,,
TPV TECHNOLOGY LIMITED (T18),0.83,0.00,0.2050,0.2150,0.2150,0.1120,0.2150,-0.012,,"1,764",512.732M
TRANSCORP HOLDINGS LIMITED (T19),,,0.0040,0.0040,0.0050,0.0040,0.0370,,,"11,831",1.078M
TRANSIT-MIXED CONCRETE LTD (570),,,0.2000,0.2000,0.2000,0.1900,0.4350,-0.08,,809,13.918M
TRAVELITE HOLDINGS LTD. (BCZ),,,0.1560,0.1560,0.1560,0.1200,0.2000,-0.002,,"5,857",9.843M
TREK 2000 INT'L LTD (5AB),10.87,0.01,0.0920,0.0880,0.0920,0.0800,0.2700,-0.012,,"40,940",28.284M
TRITECH GROUP LIMITED (5G9),,,0.0260,0.0230,0.0280,0.0230,0.0760,,,"86,818",25.423M
TRIYARDS HOLDINGS LIMITED (RC5),,,,,,,,,,,
TSH CORPORATION LTD (KUH),,,0.3150,0.3150,0.3150,0.2000,0.5400,,,"14,199",13.972M
TT INTERNATIONAL LIMITED (T09),,,,,,,,,,,
TTJ HOLDINGS LIMITED (K1Q),2.33,0.01,0.3000,0.3000,0.3000,0.2650,0.3450,0.03,11.54,"4,029",104.85M
TUAN SING HOLDINGS LIMITED (T24),1.56,0.01,0.3850,0.3850,0.3900,0.3250,0.4600,0.11,3.45,"534,629",462.696M
TUNG LOK RESTAURANTS 2000 LTD (540),,,0.1650,0.1650,0.1650,0.1310,0.2250,,,"4,312",45.276M
TYE SOON LTD (BFU),4.78,0.01,0.1200,0.1200,0.1200,0.0960,0.2750,-0.00,,351,10.472M
UG HEALTHCARE CORPORATION LTD (41A),,,0.2000,0.1990,0.1990,0.1800,0.2450,,12.44,"118,578",38.466M
UMS HOLDINGS LIMITED (558),6.34,0.04,0.7100,0.7150,0.7300,0.5400,1.3600,0.09,7.93,"3,107,660",391.594M
UNI-ASIA GROUP LIMITED (CHJ),5.25,0.06,1.2000,1.2100,1.2600,1.1500,1.5300,0.14,9.11,"12,745",57.785M
UNION GAS HOLDINGS LIMITED (1F2),,,0.2550,0.2550,0.2700,0.2000,0.2900,,13.42,"40,012",58.36M
UNION STEEL HOLDINGS LIMITED (BLA),2.96,0.01,0.4050,0.4050,0.4050,0.4050,0.6500,0.018,22.50,"1,185",15.948M
UNITED ENGINEERS LTD ORD (U04),1.24,0.03,2.4200,2.4100,2.4400,2.3500,2.8400,0.09,27.82,"383,639",1.49B
UNITED FOOD HOLDINGS LIMITED (AZR),,,0.1200,0.1200,0.1200,0.1200,0.3950,0.06,2.07,382,18.948M
UNITED GLOBAL LIMITED (43P),,,0.4500,0.4250,0.4500,0.3950,0.4800,,14.06,"3,757",142.295M
UNITED INDUSTRIAL CORP LTD (U06),1.01,0.03,2.9700,2.9400,2.9700,2.7000,3.3400,0.22,13.42,"30,404",4.212B
UNITED OVERSEAS AUSTRALIA LTD (EH5),4.02,0.02,0.6000,0.6000,0.6000,0.5800,0.7250,0.06,10.53,"1,596",887.49M
UNITED OVERSEAS BANK LTD (U11),4.00,1.00,25.00,24.92,25.31,23.80,30.37,2.33,10.85,"2,066,303",42.093B
UNITED OVERSEAS INSURANCE LTD (U13),2.42,0.17,7.02,7.05,7.07,6.15,7.90,0.39,18.13,"1,695",432.366M
UNIVERSAL RESOURCE & SVCS LTD (BGO),,,,,,,,,,,
UNUSUAL LIMITED (1D1),,,0.3000,0.2950,0.3300,0.2600,0.5150,,33.33,"917,861",308.754M
UOB-KAY HIAN HOLDINGS LIMITED (U10),3.76,0.05,1.2500,1.2500,1.2500,1.1600,1.4500,0.11,11.68,"57,768",1.008B
UOL GROUP LIMITED (U14),2.66,0.17,6.59,6.56,6.66,5.91,8.98,0.51,12.87,"1,239,266",5.59B
USP GROUP LIMITED (BRS),,,0.0930,0.0930,0.0930,0.0630,0.1850,-0.009,,"2,382",8.397M
VALLIANZ HOLDINGS LTD (WPC),,,0.2150,0.1920,0.2050,0.1500,0.4200,,,"123,861",114.667M
VALUEMAX GROUP LIMITED (T6I),4.34,0.01,0.2850,0.2800,0.2850,0.2650,0.3100,0.038,7.50,"44,910",152.018M
VALUETRONICS HOLDINGS LIMITED (BN2),4.97,0.04,0.7050,0.7100,0.7200,0.5850,1.1200,0.06,12.03,"2,894,728",307.698M
VASHION GROUP LTD. (1F4),,,0.0020,0.0020,0.0030,0.0020,0.0060,,,187,2.399M
VENTURE CORPORATION LIMITED (V03),7.05,1.30,18.45,18.48,19.50,13.20,29.65,1.27,15.00,"1,258,713",5.494B
VERSALINK HOLDINGS LIMITED (40N),,,0.1350,0.1350,0.1350,0.1120,0.1400,,,237,18.225M
VIBRANT GROUP LIMITED (BIP),,,0.1390,0.1360,0.1360,0.1180,0.3700,-0.033,,"117,823",91.116M
VIBROPOWER CORPORATION LIMITED (BJD),,,0.1100,0.1020,0.1100,0.1020,0.1440,0.01,9.17,673,3.955M
VICOM LTD (V01),7.37,0.46,6.29,6.30,6.32,5.90,6.33,0.39,16.12,"16,607",560.217M
VICPLAS INTERNATIONAL LTD (569),11.11,0.01,0.0900,0.0900,0.0900,0.0750,0.1130,0.01,15.00,"8,448",45.47M
VIKING OFFSHORE AND MARINE LTD (557),,,0.0070,0.0060,0.0060,0.0040,0.0160,,,"189,868",6.592M
VIVIDTHREE HOLDINGS LTD. (OMK),,,0.2100,0.1750,0.2050,0.1360,0.2600,,,"105,385",58.452M
WEE HUR HOLDINGS LTD. (E3B),3.72,0.01,0.2150,0.2100,0.2100,0.1950,0.2450,0.03,6.77,"161,203",193.041M
WILLAS-ARRAY ELEC (HLDGS) LTD (BDR),11.14,0.07,0.5950,0.5950,0.5950,0.5400,1.0909,0.088,6.76,"1,079",50.698M
WILMAR INTERNATIONAL LIMITED (F34),3.30,0.10,3.1800,3.1800,3.2500,2.9700,3.4000,0.18,18.20,"4,557,508",20.5B
WILTON RESOURCES CORP LIMITED (5F7),,,0.0330,0.0330,0.0330,0.0200,0.0630,,,"54,007",80.411M
WING TAI HLDGS LTD (W05),1.49,0.03,2.0100,2.0100,2.0400,1.8300,2.2400,0.27,7.49,"353,617",1.558B
WONG FONG INDUSTRIES LIMITED (1A1),,,0.1450,0.1500,0.1500,0.1300,0.2000,,8.33,"4,012",35.25M
WORLD CLASS GLOBAL LIMITED (1E6),,,0.2000,0.1800,0.2000,0.1800,0.2450,,,"2,650",183.175M
WORLD PRECISION MACHINERY LTD (B49),,,0.1400,0.1400,0.1400,0.1290,0.1950,0.01,17.50,"7,140",56M
XMH HOLDINGS LTD. (BQF),,,0.1630,0.1630,0.1630,0.1600,0.3100,-0.051,,"1,093",17.813M
Y VENTURES GROUP LTD. (1F1),,,0.0540,0.0520,0.0530,0.0500,0.7400,,,"141,268",10.865M
YAMADA GREEN RESOURCES LIMITED (BJV),,,,,,,,,,,
YANGZIJIANG SHIPBLDG HLDGS LTD (BS6),3.13,0.04,1.4400,1.4200,1.4500,0.8400,1.4700,0.77,1.85,"16,068,016",5.642B
YANGZIJIANG SHIPBLDG HLDGS RMB (SO7),,,,,,,,,,,
YANLORD LAND GROUP LIMITED (Z25),4.89,0.07,1.3900,1.3600,1.4000,1.1600,1.8200,0.35,3.91,"1,637,596",2.666B
YEO HIAP SENG LTD (Y03),2.09,0.02,0.9550,0.9550,0.9650,0.8550,1.1900,0.03,28.24,"19,450",556.714M
YHI INTERNATIONAL LIMITED (BPF),3.66,0.01,0.4100,0.3950,0.4100,0.3750,0.4800,0.046,8.80,"31,160",118.38M
YINDA INFOCOMM LIMITED (42F),,,0.0100,0.0100,0.0110,0.0100,0.0950,,,"1,894",1.52M
YING LI INTL REAL ESTATE LTD (5DM),,,0.1210,0.1210,0.1240,0.0830,0.1460,0.014,8.71,"4,195,525",311.959M
YOMA STRATEGIC HOLDINGS LTD (Z59),0.74,0.00,0.3400,0.3400,0.3500,0.2400,0.4850,0.005,69.00,"3,110,539",654.058M
YONGMAO HOLDINGS LIMITED (BKX),2.50,0.01,0.4000,0.4000,0.4000,0.2050,0.5500,0.03,13.33,82,35.5M
YONGNAM HOLDINGS LIMITED (AXB),,,0.1600,0.1530,0.1600,0.1530,0.3300,-0.098,,"644,470",83.094M
YORKSHINE HOLDINGS LIMITED (MR8),,,,,,,,,,,
YUUZOO NETWORKS GROUP CORP (AFC),,,,,,,,,,,
ZHONGMIN BAIHUI RETAIL GRP LTD (5SR),,,0.8800,0.8800,0.8800,0.8800,0.8800,,,,
ZHONGXIN FRUIT AND JUICE LTD (5EG),,,0.0050,0.0050,0.0050,0.0050,0.0080,,,"9,602",5.277M
ZICO HOLDINGS INC. (40W),,,0.1450,0.1430,0.1430,0.1240,0.1600,,,"43,153",43.124M
3CNERGY LIMITED (502),,,0.0100,0.0100,0.0100,0.0100,0.0411,,,"30,781",30.671M
800 SUPER HOLDINGS LIMITED (5TG),,,0.6850,0.6700,0.6850,0.6000,1.1700,,8.88,"22,757",120.69M
8TELECOM INTL HOLDINGS CO LTD (AZG),,,0.0340,0.0340,0.0430,0.0010,0.2400,-0.009,,"120,804",3.824M
